,USD_ROI,BAT_ROI,BTC_ROI,TRADE_ROI
2021-01-01,20.5126,20.5126,20.588988,0.0
2021-01-02,20.5126,20.401600000000002,22.558137,0.0
2021-01-03,20.5126,21.6469,23.156462,0.0
2021-01-04,20.5126,21.787,22.413993,0.0
2021-01-05,20.5126,23.1887,23.821448,0.0
2021-01-06,20.5126,25.0458,25.801482,0.0
2021-01-07,20.5126,25.6766,27.653892,0.0
2021-01-08,20.5126,25.1023,28.465605,0.0
2021-01-09,20.5126,27.539,28.180201,0.0
2021-01-10,20.5126,25.7956,26.720099,0.0
2021-01-11,20.5126,22.9223,24.816812999999996,0.0
2021-01-12,20.5126,23.0872,23.827286,0.0
2021-01-13,20.5126,24.9361,26.175562000000003,0.0
2021-01-14,20.5126,24.5659,27.387598,0.0
2021-01-15,20.5126,24.813299999999998,25.728268999999997,0.0
2021-01-16,20.5126,26.764599999999998,25.204858,0.0
2021-01-17,20.5126,27.2842,25.073999999999998,0.0
2021-01-18,20.5126,28.283199999999997,25.636961000000003,0.0
2021-01-19,20.5126,27.02,25.142096,0.0
2021-01-20,20.5126,27.900000000000002,24.852162999999997,0.0
2021-01-21,20.5126,24.4741,21.599165,0.0
2021-01-22,20.5126,31.447999999999997,23.089451,0.0
2021-01-23,20.5126,32.931,22.478406999999997,0.0
2021-01-24,20.5126,31.909,22.601992,0.0
2021-01-25,20.5126,30.153799999999997,22.583309,0.0
2021-01-26,20.5126,29.8885,22.757573999999998,0.0
2021-01-27,20.5126,30.517300000000002,21.284991,0.0
2021-01-28,20.5126,30.781599999999997,23.442293,0.0
2021-01-29,20.5126,30.9129,23.983477,0.0
2021-01-30,20.5126,31.5247,24.020940999999997,0.0
2021-01-31,20.5126,30.225,23.196417999999998,0.0
2021-02-01,52.0215,63.0178,53.653104,63.0178
2021-02-02,52.0215,63.416,56.820271999999996,63.0178
2021-02-03,52.0215,64.37079999999999,60.285392,63.0178
2021-02-04,52.0215,62.5432,59.16,63.0178
2021-02-05,52.0215,74.13,61.29838399999999,74.69252475089219
2021-02-06,52.0215,70.5144,62.824687999999995,74.69252475089219
2021-02-07,52.0215,81.6786,62.19427199999999,74.69252475089219
2021-02-08,52.0215,83.6922,74.31696,74.69252475089219
2021-02-09,52.0215,86.748,74.423568,74.69252475089219
2021-02-10,52.0215,88.38380000000001,71.75999999999999,74.69252475089219
2021-02-11,52.0215,118.63719999999999,76.796656,74.69252475089219
2021-02-12,52.0215,125.6224,75.85334399999999,74.69252475089219
2021-02-13,52.0215,123.5876,75.57191999999999,74.69252475089219
2021-02-14,52.0215,112.34980000000002,77.889104,74.69252475089219
2021-02-15,52.0215,107.7958,76.69819199999999,71.66492917247938
2021-02-16,52.0215,111.03620000000001,78.65393599999999,71.66492917247938
2021-02-17,52.0215,115.0724,83.472016,74.26997137606669
2021-02-18,52.0215,126.7514,82.56276799999999,81.80782576774604
2021-02-19,52.0215,122.51780000000001,89.57369599999998,81.80782576774604
2021-02-20,52.0215,115.9912,89.47763199999999,81.80782576774604
2021-02-21,52.0215,121.148,91.98265599999999,85.44488268171116
2021-02-22,52.0215,107.936,86.62740799999999,85.44488268171116
2021-02-23,52.0215,94.43639999999999,78.23998399999999,74.75825599321031
2021-02-24,52.0215,102.98400000000001,79.580512,81.5247535399991
2021-02-25,52.0215,96.3026,75.293568,81.5247535399991
2021-02-26,52.0215,105.23960000000001,74.12191999999999,89.09035117066506
2021-02-27,52.0215,103.12639999999999,73.88919999999999,89.09035117066506
2021-02-28,52.0215,103.867,72.37079999999999,89.09035117066506
2021-03-01,110.2395,174.654,138.99032,141.02385117066507
2021-03-02,110.2395,180.6195,135.83248,141.02385117066507
2021-03-03,110.2395,230.16060000000002,141.008,141.02385117066507
2021-03-04,110.2395,208.122,135.43185599999998,141.02385117066507
2021-03-05,110.2395,204.5412,136.554516,141.02385117066507
2021-03-06,110.2395,199.7235,136.947552,137.70221910932528
2021-03-07,110.2395,208.2855,142.740108,137.70221910932528
2021-03-08,110.2395,221.6712,146.762644,146.55180582722787
2021-03-09,110.2395,223.68210000000002,153.765864,146.55180582722787
2021-03-10,110.2395,245.6499,156.493932,146.55180582722787
2021-03-11,110.2395,240.72869999999998,161.883316,146.55180582722787
2021-03-12,110.2395,226.7553,160.232548,146.55180582722787
2021-03-13,110.2395,244.5735,171.2998,146.55180582722787
2021-03-14,110.2395,231.1023,165.12356,146.55180582722787
2021-03-15,110.2395,228.3057,155.78122,146.55180582722787
2021-03-16,110.2395,308.72249999999997,159.395908,198.17218700407548
2021-03-17,110.2395,369.2889,164.991512,198.17218700407548
2021-03-18,110.2395,365.2188,161.40586,198.17218700407548
2021-03-19,110.2395,356.832,162.51104800000002,198.17218700407548
2021-03-20,110.2395,326.6241,162.72675999999998,181.3957611011284
2021-03-21,110.2395,334.78560000000004,160.617296,185.92837674163644
2021-03-22,110.2395,328.09049999999996,151.508196,185.92837674163644
2021-03-23,110.2395,318.2601,152.167512,180.357504330759
2021-03-24,110.2395,297.9384,146.37324800000002,168.84122850555067
2021-03-25,110.2395,292.43580000000003,143.710028,165.72291363249423
2021-03-26,110.2395,322.4058,154.202832,182.70686608142782
2021-03-27,110.2395,324.51750000000004,156.398284,182.70686608142782
2021-03-28,110.2395,335.3535,156.180696,188.80765140381675
2021-03-29,110.2395,341.799,161.317744,192.43653768985013
2021-03-30,110.2395,352.5222,164.602088,192.43653768985013
2021-03-31,110.2395,342.68940000000003,164.64,187.0689608739879
2021-04-01,226.5901,465.40239999999994,281.887104,306.8926988136634
2021-04-02,226.5901,483.574,283.10899200000006,318.8753000330864
2021-04-03,226.5901,452.2508,274.052832,318.8753000330864
2021-04-04,226.5901,474.79519999999997,279.43651200000005,334.7710205361035
2021-04-05,226.5901,514.2772,283.790496,334.7710205361035
2021-04-06,226.5901,534.7724000000001,278.49590400000005,334.7710205361035
2021-04-07,226.5901,475.16239999999993,268.5876,334.7710205361035
2021-04-08,226.5901,517.4792,278.79888,364.58490800241435
2021-04-09,226.5901,613.4395999999999,278.84486400000003,432.1928690680473
2021-04-10,226.5901,589.0292,286.93728000000004,432.1928690680473
2021-04-11,226.5901,577.8732,287.92924800000003,432.1928690680473
2021-04-12,226.5901,568.822,287.23113600000005,425.4234530499508
2021-04-13,226.5901,599.8724,305.22345600000006,448.64612795806295
2021-04-14,226.5901,586.5732,302.26464000000004,448.64612795806295
2021-04-15,226.5901,609.0455999999999,303.49939200000006,465.83435825212473
2021-04-16,226.5901,611.1411999999999,294.85089600000003,465.83435825212473
2021-04-17,226.5901,595.52,288.282528,465.83435825212473
2021-04-18,226.5901,538.6307999999999,270.11716800000005,421.33384781842517
2021-04-19,226.5901,529.8904,267.34478400000006,414.4968337385171
2021-04-20,226.5901,509.3808,271.196592,398.45358354707474
2021-04-21,226.5901,491.9768,258.24412800000005,384.8396307478069
2021-04-22,226.5901,440.98439999999994,248.167632,344.9517815912115
2021-04-23,226.5901,473.97479999999996,245.69889600000002,370.7579036567692
2021-04-24,226.5901,412.8196,240.42792000000003,370.7579036567692
2021-04-25,226.5901,408.72479999999996,235.78080000000003,367.0803179416197
2021-04-26,226.5901,478.34880000000004,259.45728,367.0803179416197
2021-04-27,226.5901,502.3948,264.334176,367.0803179416197
2021-04-28,226.5901,479.77559999999994,263.491344,367.0803179416197
2021-04-29,226.5901,475.53280000000007,257.184,363.8341162319815
2021-04-30,226.5901,505.268,277.434096,386.584766056728
2021-05-01,353.65290000000005,635.3140000000001,405.01496000000003,512.901766056728
2021-05-02,353.65290000000005,628.273,396.37640000000005,512.901766056728
2021-05-03,353.65290000000005,646.138,400.4891100000001,512.901766056728
2021-05-04,353.65290000000005,585.9265,372.69344000000007,465.1061176241568
2021-05-05,353.65290000000005,683.1129999999999,402.6098300000001,465.1061176241568
2021-05-06,353.65290000000005,700.2745,395.0846200000001,465.1061176241568
2021-05-07,353.65290000000005,703.982,401.66273000000007,465.1061176241568
2021-05-08,353.65290000000005,709.399,412.7063500000001,465.1061176241568
2021-05-09,353.65290000000005,707.1415,408.18799000000007,465.1061176241568
2021-05-10,353.65290000000005,657.671,391.0648700000001,465.1061176241568
2021-05-11,353.65290000000005,696.9005000000001,397.27233000000007,465.1061176241568
2021-05-12,353.65290000000005,589.1505,346.49139,393.19458337500225
2021-05-13,353.65290000000005,596.0935000000001,347.83077000000003,397.82828901112185
2021-05-14,353.65290000000005,609.475,349.2543600000001,406.7590008028161
2021-05-15,353.65290000000005,569.2305,327.42857000000004,406.7590008028161
2021-05-16,353.65290000000005,570.414,325.15553000000006,407.60470263616855
2021-05-17,353.65290000000005,531.4495000000001,305.06350000000003,379.76156863898933
2021-05-18,353.65290000000005,553.3765000000001,300.00005000000004,395.43009766300224
2021-05-19,353.65290000000005,380.7935,257.12225000000007,272.1062620014338
2021-05-20,353.65290000000005,438.776,284.36331000000007,313.5392206430549
2021-05-21,353.65290000000005,380.17699999999996,261.38539000000003,271.6657253049726
2021-05-22,353.65290000000005,341.3125,262.33781000000005,243.89404900389417
2021-05-23,353.65290000000005,281.315,243.31069000000002,201.02121778584282
2021-05-24,353.65290000000005,362.42999999999995,272.14992,258.98412797797135
2021-05-25,353.65290000000005,368.81399999999996,268.53267,258.98412797797135
2021-05-26,353.65290000000005,443.67699999999996,275.0526100000001,311.55352277538924
2021-05-27,353.65290000000005,421.2795,269.89816,311.55352277538924
2021-05-28,353.65290000000005,373.9115,249.76329000000004,276.5229379336758
2021-05-29,353.65290000000005,341.794,242.39474000000004,252.77072528687341
2021-05-30,353.65290000000005,352.443,249.68608000000006,260.6460989142043
2021-05-31,353.65290000000005,383.327,260.95517,283.4860875616346
2021-06-01,428.3994,448.47900000000004,330.165,351.137060069154
2021-06-02,428.3994,478.70579999999995,338.20119000000005,374.80316190959314
2021-06-03,428.3994,497.89799999999997,353.2369500000001,374.80316190959314
2021-06-04,428.3994,457.04760000000005,331.70868,374.80316190959314
2021-06-05,428.3994,450.5748,319.85541,369.4951241769622
2021-06-06,428.3994,457.3398,322.20432000000005,375.04278133634426
2021-06-07,428.3994,420.2028,302.1831900000001,344.5884806818029
2021-06-08,428.3994,403.44419999999997,300.61917,330.84554390852566
2021-06-09,428.3994,420.81,336.63474,345.08641673903526
2021-06-10,428.3994,398.9538,330.24645000000004,327.1631788370565
2021-06-11,428.3994,388.5864,336.04596000000004,318.66136348832356
2021-06-12,428.3994,370.9884,320.01597000000004,304.2300743987736
2021-06-13,428.3994,387.76980000000003,351.13716,304.2300743987736
2021-06-14,428.3994,393.273,364.85523000000006,304.2300743987736
2021-06-15,428.3994,428.0664,361.4613300000001,304.2300743987736
2021-06-16,428.3994,394.7526,345.15900000000005,304.2300743987736
2021-06-17,428.3994,395.184,342.85653,304.2300743987736
2021-06-18,428.3994,367.21740000000005,322.57629000000003,304.2300743987736
2021-06-19,428.3994,361.12500000000006,319.36311000000006,299.18267929912116
2021-06-20,428.3994,359.433,320.27202000000005,297.78090126277885
2021-06-21,428.3994,307.0632,284.48838,254.39388270034448
2021-06-22,428.3994,290.0382,292.84533000000005,240.28911256516267
2021-06-23,428.3994,338.39639999999997,303.19515,280.35262476199966
2021-06-24,428.3994,342.7656,311.89122000000003,280.35262476199966
2021-06-25,428.3994,313.452,284.35167000000007,256.37663446068774
2021-06-26,428.3994,305.69280000000003,290.47671,250.03027973298668
2021-06-27,428.3994,324.1872,312.3830700000001,265.1570998788774
2021-06-28,428.3994,333.9534,310.4389800000001,265.1570998788774
2021-06-29,428.3994,350.9742,323.13852,265.1570998788774
2021-06-30,428.3994,368.16,315.54,265.1570998788774
2021-07-01,486.6172,407.52459999999996,358.62237700000003,326.5170998788774
2021-07-02,486.6172,406.2058,361.713714,326.5170998788774
2021-07-03,486.6172,412.04800000000006,371.0991120000001,326.5170998788774
2021-07-04,486.6172,423.1227,377.53933500000005,326.5170998788774
2021-07-05,486.6172,398.47010000000006,360.56624600000004,326.5170998788774
2021-07-06,486.6172,415.1763,366.2153110000001,340.2066087629731
2021-07-07,486.6172,430.27459999999996,362.50059200000004,340.2066087629731
2021-07-08,486.6172,399.1505,351.772665,340.2066087629731
2021-07-09,486.6172,398.4316,361.91958200000005,339.59387113383394
2021-07-10,486.6172,390.14570000000003,358.61424500000004,339.59387113383394
2021-07-11,486.6172,393.5687,366.57376100000005,342.573347316427
2021-07-12,486.6172,385.0994,354.07477,342.573347316427
2021-07-13,486.6172,375.5213,350.25529800000004,334.0529451087594
2021-07-14,486.6172,371.47040000000004,351.135373,330.4493810090903
2021-07-15,486.6172,354.6116,340.99487600000003,315.45227753986086
2021-07-16,486.6172,384.8411,335.85224200000005,342.3435710674589
2021-07-17,486.6172,374.0499,337.412837,332.7440299994619
2021-07-18,486.6172,365.9747,340.13427500000006,332.7440299994619
2021-07-19,486.6172,345.9337,330.009721,332.7440299994619
2021-07-20,486.6172,326.991,318.818912,314.5235723306346
2021-07-21,486.6172,350.5404,343.846533,337.1750869418717
2021-07-22,486.6172,358.7612,345.47881800000005,337.1750869418717
2021-07-23,486.6172,367.50629999999995,360.0256820000001,337.1750869418717
2021-07-24,486.6172,376.4348,366.8282070000001,337.1750869418717
2021-07-25,486.6172,378.9345,379.08238200000005,337.1750869418717
2021-07-26,486.6172,384.8285,398.711639,337.1750869418717
2021-07-27,486.6172,399.64750000000004,422.33413600000006,337.1750869418717
2021-07-28,486.6172,398.6948,428.37557000000004,337.1750869418717
2021-07-29,486.6172,416.01770000000005,428.42200800000006,337.1750869418717
2021-07-30,486.6172,429.49129999999997,451.94606500000003,337.1750869418717
2021-07-31,486.6172,456.12559999999996,443.9966070000001,337.1750869418717
2021-08-01,552.6181,528.0072,494.3310840000001,402.3358869418717
2021-08-02,552.6181,524.5648,485.454916,402.3358869418717
2021-08-03,552.6181,511.80240000000003,473.5738560000001,402.3358869418717
2021-08-04,552.6181,535.2976,492.5578840000001,402.3358869418717
2021-08-05,552.6181,541.7512,507.02037600000006,402.3358869418717
2021-08-06,552.6181,555.8072,531.582792,402.3358869418717
2021-08-07,552.6181,575.0712,553.503016,402.3358869418717
2021-08-08,552.6181,539.88,543.481336,402.3358869418717
2021-08-09,552.6181,561.7887999999999,573.9399520000001,418.6630271949503
2021-08-10,552.6181,576.74,565.3861840000001,418.6630271949503
2021-08-11,552.6181,596.3016,564.863276,418.6630271949503
2021-08-12,552.6181,570.9896,550.8345360000001,418.6630271949503
2021-08-13,552.6181,631.2816,593.137136,462.8705420702439
2021-08-14,552.6181,623.4896,584.15966,462.8705420702439
2021-08-15,552.6181,649.6351999999999,582.979676,462.8705420702439
2021-08-16,552.6181,631.2544,569.190504,462.8705420702439
2021-08-17,552.6181,592.8552,553.9275920000001,434.7141307738415
2021-08-18,552.6181,575.3543999999999,554.3789520000001,421.8815789806771
2021-08-19,552.6181,605.024,579.8967880000001,443.63696608769334
2021-08-20,552.6181,625.4992,611.84576,458.6505120099026
2021-08-21,552.6181,623.9512000000001,605.951048,458.6505120099026
2021-08-22,552.6181,693.1608,611.129412,509.5247125499457
2021-08-23,552.6181,715.9200000000001,613.8806000000001,509.5247125499457
2021-08-24,552.6181,657.0848,591.26238,509.5247125499457
2021-08-25,552.6181,689.0863999999999,607.442892,534.339783665787
2021-08-26,552.6181,636.168,580.9582280000001,493.3051522930889
2021-08-27,552.6181,675.6888,608.561868,523.9508532128848
2021-08-28,552.6181,654.08,606.892456,523.9508532128848
2021-08-29,552.6181,650.9976,605.1519920000001,521.481696366714
2021-08-30,552.6181,634.9424,582.7220040000001,508.6206767077984
2021-08-31,552.6181,652.8808,584.195,522.9902339259888
2021-09-01,638.9673,777.1428000000001,693.526012,639.7094863778135
2021-09-02,638.9673,765.4050000000001,699.767054,639.7094863778135
2021-09-03,638.9673,791.4717,710.355,639.7094863778135
2021-09-04,638.9673,829.7514,709.190316,639.7094863778135
2021-09-05,638.9673,883.9926,735.406214,639.7094863778135
2021-09-06,638.9673,859.5405000000001,748.3231020000001,639.7094863778135
2021-09-07,638.9673,702.5382,665.9019000000001,639.7094863778135
2021-09-08,638.9673,691.7166,654.0571120000001,629.8556731932974
2021-09-09,638.9673,729.2583,658.88,664.0399803594415
2021-09-10,638.9673,689.4414,636.89059,627.7839466688084
2021-09-11,638.9673,700.4934,641.4399860000001,637.8475549444119
2021-09-12,638.9673,724.0374,653.544066,659.2859908149159
2021-09-13,638.9673,677.6424000000001,638.2576240000001,617.0401433713197
2021-09-14,638.9673,701.7696,669.2065240000001,639.0096230661387
2021-09-15,638.9673,712.9971,683.7033040000001,649.2330361962815
2021-09-16,638.9673,698.4234,678.0948720000001,649.2330361962815
2021-09-17,638.9673,674.6030999999999,671.7097,627.0904136952223
2021-09-18,638.9673,678.1392000000001,686.066752,630.3774641280883
2021-09-19,638.9673,664.9191,671.0340640000001,618.0884634133091
2021-09-20,638.9673,585.7803,610.784174,544.5234548455402
2021-09-21,638.9673,551.1878999999999,578.2183200000001,512.3674175745721
2021-09-22,638.9673,616.7466000000001,618.76642,573.3087804356693
2021-09-23,638.9673,631.9188,637.545778,573.3087804356693
2021-09-24,638.9673,588.4947,608.454664,533.9122348470327
2021-09-25,638.9673,579.3795,606.4182420000001,525.6424631684132
2021-09-26,638.9673,574.5114,613.127884,521.2258759834159
2021-09-27,638.9673,551.4417,598.8389920000001,500.29587426164915
2021-09-28,638.9673,525.33,582.570194,476.60601587778393
2021-09-29,638.9673,535.0239,589.614672,485.4008135427139
2021-09-30,638.9673,568.8594,622.306906,485.4008135427139
2021-10-01,706.9499000000001,679.826,751.3858560000001,548.6074135427139
2021-10-02,706.9499000000001,709.204,743.4599640000001,548.6074135427139
2021-10-03,706.9499000000001,728.9449999999999,752.450244,548.6074135427139
2021-10-04,706.9499000000001,705.105,768.2304240000001,548.6074135427139
2021-10-05,706.9499000000001,740.803,803.306244,576.3822661514002
2021-10-06,706.9499000000001,736.5129999999999,863.2958880000001,573.0444288022136
2021-10-07,706.9499000000001,730.488,839.245992,573.0444288022136
2021-10-08,706.9499000000001,747.423,841.835592,573.0444288022136
2021-10-09,706.9499000000001,758.6460000000001,857.411724,581.649031048127
2021-10-10,706.9499000000001,722.817,853.172268,581.649031048127
2021-10-11,706.9499000000001,705.383,896.804064,567.6199348767681
2021-10-12,706.9499000000001,695.7950000000001,873.67956,559.9044952707691
2021-10-13,706.9499000000001,705.585,894.930192,567.7824837712625
2021-10-14,706.9499000000001,702.637,894.8083560000001,565.4102355486419
2021-10-15,706.9499000000001,692.02,962.4480840000001,556.8667622177187
2021-10-16,706.9499000000001,716.247,949.687752,576.362168489573
2021-10-17,706.9499000000001,692.095,959.8229160000001,576.362168489573
2021-10-18,706.9499000000001,680.012,967.8615960000001,566.2997000685332
2021-10-19,706.9499000000001,680.621,1003.1289840000001,566.8068624676406
2021-10-20,706.9499000000001,709.584,1030.014024,590.9266400790428
2021-10-21,706.9499000000001,691.543,970.382712,590.9266400790428
2021-10-22,706.9499000000001,697.553,946.7271840000001,596.0622124250503
2021-10-23,706.9499000000001,711.86,956.2801560000001,608.2876090231084
2021-10-24,706.9499000000001,689.3820000000001,949.3298880000001,589.0800557463104
2021-10-25,706.9499000000001,701.724,984.1032240000001,599.6263509034526
2021-10-26,706.9499000000001,711.072,941.2668720000001,607.6142594376419
2021-10-27,706.9499000000001,639.707,911.905332,546.632542220866
2021-10-28,706.9499000000001,693.6790000000001,945.2297400000001,592.7518617980232
2021-10-29,706.9499000000001,853.367,971.5168320000001,729.205984391907
2021-10-30,706.9499000000001,1242.993,965.5215960000002,729.205984391907
2021-10-31,706.9499000000001,990.82,956.9614080000001,729.205984391907
2021-11-01,809.2878000000001,1125.7169000000001,1054.427042,828.287984391907
2021-11-02,809.2878000000001,1135.0658,1094.510623,828.287984391907
2021-11-03,809.2878000000001,1065.6173000000001,1088.7825930000001,828.287984391907
2021-11-04,809.2878000000001,1072.9719,1062.98985,834.0046021776811
2021-11-05,809.2878000000001,1067.8437000000001,1055.406395,830.0185309666015
2021-11-06,809.2878000000001,1115.9962,1064.6300629999998,867.4467307231475
2021-11-07,809.2878000000001,1098.5722,1095.2479489999998,867.4467307231475
2021-11-08,809.2878000000001,1396.549,1168.6987319999998,1102.7330423477683
2021-11-09,809.2878000000001,1284.0883000000001,1158.142618,1102.7330423477683
2021-11-10,809.2878000000001,1191.641,1122.9810599999998,1102.7330423477683
2021-11-11,809.2878000000001,1236.7762,1121.1713069999998,1144.500719368763
2021-11-12,809.2878000000001,1287.8415,1109.75867,1144.500719368763
2021-11-13,809.2878000000001,1259.5077,1114.120173,1144.500719368763
2021-11-14,809.2878000000001,1263.6041,1133.236846,1144.500719368763
2021-11-15,809.2878000000001,1257.9941000000001,1100.705407,1139.4195004682713
2021-11-16,809.2878000000001,1172.2359,1039.868054,1139.4195004682713
2021-11-17,809.2878000000001,1172.8618000000001,1044.081123,1140.0278785817065
2021-11-18,809.2878000000001,1076.4280999999999,984.3353999999999,1046.293811673922
2021-11-19,809.2878000000001,1235.7367,1005.513368,1201.1426142334576
2021-11-20,809.2878000000001,1220.0881,1033.861148,1201.1426142334576
2021-11-21,809.2878000000001,1181.9423,1015.011933,1201.1426142334576
2021-11-22,809.2878000000001,1140.8902999999998,973.658013,1159.4237362480333
2021-11-23,809.2878000000001,1167.4267,995.9065049999999,1186.3912124677647
2021-11-24,809.2878000000001,1136.1603,988.914018,1186.3912124677647
2021-11-25,809.2878000000001,1306.3038999999999,1020.4797709999999,1186.3912124677647
2021-11-26,809.2878000000001,1461.7459999999999,930.0076909999999,1186.3912124677647
2021-11-27,809.2878000000001,1942.93,947.3315650000001,1186.3912124677647
2021-11-28,809.2878000000001,1824.2015000000001,991.5870409999999,1186.3912124677647
2021-11-29,809.2878000000001,1781.4401,1000.5984379999999,1158.5808257353674
2021-11-30,809.2878000000001,1605.6458,985.891881,1044.2509050978051
2021-12-01,958.2831000000001,1787.9436,1138.80735,1214.9048833486497
2021-12-02,958.2831000000001,1711.32,1124.7770540000001,1214.9048833486497
2021-12-03,958.2831000000001,1539.9912,1067.3969960000002,1093.2746822300605
2021-12-04,958.2831000000001,1350.9312000000002,979.8982880000001,959.0567000608019
2021-12-05,958.2831000000001,1401.7068,984.735978,995.1034501688807
2021-12-06,958.2831000000001,1642.1964,1005.538244,1165.8324718799363
2021-12-07,958.2831000000001,1599.282,1007.4470520000001,1135.3665659558676
2021-12-08,958.2831000000001,1561.3272000000002,1005.341632,1108.421592563094
2021-12-09,958.2831000000001,1368.6324000000002,946.611757,1108.421592563094
2021-12-10,958.2831000000001,1282.386,938.7017060000001,1038.5727624164208
2021-12-11,958.2831000000001,1376.4912,983.214225,1114.7862406684835
2021-12-12,958.2831000000001,1443.2052,996.7838360000001,1168.8162622624882
2021-12-13,958.2831000000001,1233.6011999999998,929.8850110000001,999.0631572741838
2021-12-14,958.2831000000001,1237.4712,962.5118570000001,1002.1973747333199
2021-12-15,958.2831000000001,1342.7399999999998,972.807122,1087.451977023318
2021-12-16,958.2831000000001,1356.8832,947.9209780000001,1098.9062055421946
2021-12-17,958.2831000000001,1379.3304,918.71335,1098.9062055421946
2021-12-18,958.2831000000001,1412.964,932.5032540000001,1125.7019404543837
2021-12-19,958.2831000000001,1360.9127999999998,929.0750810000001,1084.232988065661
2021-12-20,958.2831000000001,1328.3676,933.828793,1084.232988065661
2021-12-21,958.2831000000001,1399.77,973.40253,1142.5126672049742
2021-12-22,958.2831000000001,1426.128,967.3115380000002,1164.0264508138446
2021-12-23,958.2831000000001,1606.5636,1011.75978,1311.300616294409
2021-12-24,958.2831000000001,1578.1391999999998,1011.942462,1288.1002069002222
2021-12-25,958.2831000000001,1606.5684,1003.523369,1311.3045341243403
2021-12-26,958.2831000000001,1604.0364,1010.9556210000001,1311.3045341243403
2021-12-27,958.2831000000001,1655.7648,1009.283623,1353.5926551813172
2021-12-28,958.2831000000001,1466.7432,946.107491,1353.5926551813172
2021-12-29,958.2831000000001,1381.5408,924.777676,1353.5926551813172
2021-12-30,958.2831000000001,1433.6904,937.7293920000001,1404.6872848373096
2021-12-31,958.2831000000001,1450.6727999999998,919.603676,1421.3261361165125
2022-01-01,1083.8087,1631.8328,1074.002175,1601.3606693419515
2022-01-02,1083.8087,1689.2798,1064.229075,1601.3606693419515
2022-01-03,1083.8087,1685.2472,1045.3401,1601.3606693419515
2022-01-04,1083.8087,1671.6206,1030.828725,1601.3606693419515
2022-01-05,1083.8087,1537.2604,977.3109,1601.3606693419515
2022-01-06,1083.8087,1536.8327000000002,969.3846,1601.3606693419515
2022-01-07,1083.8087,1397.1503000000002,935.21655,1601.3606693419515
2022-01-08,1083.8087,1330.5617,937.9088999999999,1525.0393422330903
2022-01-09,1083.8087,1344.0739,942.2216999999999,1540.5265132527597
2022-01-10,1083.8087,1296.9528,941.041575,1486.5180960938262
2022-01-11,1083.8087,1372.9976,961.9524,1573.6777608972297
2022-01-12,1083.8087,1450.0473,988.2083250000001,1661.9892039571473
2022-01-13,1083.8087,1348.4107000000001,958.087125,1545.4971888850107
2022-01-14,1083.8087,1373.8738,969.5412,1545.4971888850107
2022-01-15,1083.8087,1384.1308,969.7094999999999,1557.0354864101498
2022-01-16,1083.8087,1372.774,969.8476499999999,1557.0354864101498
2022-01-17,1083.8087,1320.1305,949.905225,1497.325878252629
2022-01-18,1083.8087,1306.5299,953.3191499999999,1481.899728838035
2022-01-19,1083.8087,1247.701,937.6710749999999,1415.1744813271744
2022-01-20,1083.8087,1183.507,915.096825,1342.3639997660339
2022-01-21,1083.8087,1046.0658,820.28115,1186.4746649630767
2022-01-22,1083.8087,930.8767,788.994675,1055.8242328106267
2022-01-23,1083.8087,985.4039,816.355575,1117.6703818304825
2022-01-24,1083.8087,975.1014,825.5997,1117.6703818304825
2022-01-25,1083.8087,1030.5412,832.05,1181.2160012241225
2022-01-26,1083.8087,1051.6532,828.9141749999999,1205.414773886335
2022-01-27,1083.8087,1083.4954,836.738325,1205.414773886335
2022-01-28,1083.8087,1123.681,849.19275,1205.414773886335
2022-01-29,1083.8087,1104.3097,859.2997499999999,1205.414773886335
2022-01-30,1083.8087,1084.8772999999999,852.7803749999999,1205.414773886335
2022-01-31,1083.8087,1109.6215,866.0684249999999,1205.414773886335
2022-02-01,1168.3138000000001,1183.0714,956.306936,1277.910281959477
2022-02-02,1168.3138000000001,1133.4497999999999,912.007733,1277.910281959477
2022-02-03,1168.3138000000001,1153.0008,922.0487770000001,1299.9530966678035
2022-02-04,1168.3138000000001,1258.0064,1027.881608,1299.9530966678035
2022-02-05,1168.3138000000001,1295.1288,1022.699795,1338.3132980433616
2022-02-06,1168.3138000000001,1319.3096,1047.654452,1363.3003774730885
2022-02-07,1168.3138000000001,1354.3166,1083.541329,1399.4746434029357
2022-02-08,1168.3138000000001,1293.0498,1088.914073,1399.4746434029357
2022-02-09,1168.3138000000001,1319.4328,1097.0838449999999,1428.0291039634644
2022-02-10,1168.3138000000001,1239.2002,1075.134437,1428.0291039634644
2022-02-11,1168.3138000000001,1156.2264,1046.945809,1332.4117846098654
2022-02-12,1168.3138000000001,1132.6364,1043.450759,1305.2271484530136
2022-02-13,1168.3138000000001,1131.5024,1039.2522529999999,1303.9203499196574
2022-02-14,1168.3138000000001,1128.3188,1050.953137,1300.2516340371244
2022-02-15,1168.3138000000001,1202.6042,1101.2129439999999,1385.8566179610839
2022-02-16,1168.3138000000001,1173.0529999999999,1084.2203319999999,1385.8566179610839
2022-02-17,1168.3138000000001,1067.0575999999999,1001.257231,1260.6325858300272
2022-02-18,1168.3138000000001,1055.2136,987.5939319999999,1246.6399650506328
2022-02-19,1168.3138000000001,1064.0014,990.517918,1257.0219603972357
2022-02-20,1168.3138000000001,987.5949999999999,948.209041,1257.0219603972357
2022-02-21,1168.3138000000001,906.3208,914.4680999999999,1153.5752497377882
2022-02-22,1168.3138000000001,956.3568,944.8115560000001,1217.2616300965753
2022-02-23,1168.3138000000001,920.5587999999999,920.5242930000001,1171.6975353631062
2022-02-24,1168.3138000000001,923.4624,947.17831,1175.3932699144248
2022-02-25,1168.3138000000001,983.4173999999999,969.190456,1251.7046643986175
2022-02-26,1168.3138000000001,982.1588,966.70366,1250.1027042435378
2022-02-27,1168.3138000000001,935.5052,931.611876,1190.721480430549
2022-02-28,1168.3138000000001,1034.9052000000001,1066.858702,1317.2389120330636
