unix,low,high,open,close,volume,date
1510272000,6426,7350,7156,6577.62,34072.9324,11/10/17
1510358400,6201.01,6894.99,6577.63,6346.7,25651.29408,11/11/17
1510444800,5511.11,6486,6346.64,5886.35,52487.43253,11/12/17
1510531200,5850,6841.45,5886.35,6535.87,36435.45628,11/13/17
1510617600,6450,6748,6535.87,6605,20256.43299,11/14/17
1510704000,6605,7349,6605,7294,27878.7763,11/15/17
1510790400,7130,7985.37,7294,7838.53,29352.77615,11/16/17
1510876800,7536,7988.5,7838.54,7714.71,25045.653,11/17/17
1510963200,7502,7847.98,7714.7,7777.01,14707.53684,11/18/17
1511049600,7700,8098.62,7777.01,8031.82,14765.96964,11/19/17
1511136000,7969,8293.25,8031.83,8256.01,15693.26061,11/20/17
1511222400,7802.99,8375,8256.01,8109,31256.26199,11/21/17
1511308800,8103.13,8298.98,8109,8250,13690.83176,11/22/17
1511395200,8031.16,8274.98,8250,8031.16,11919.9167,11/23/17
1511481600,7900,8324,8031.16,8215.01,14748.71324,11/24/17
1511568000,8203.98,8795.5,8215.01,8795.5,16482.32786,11/25/17
1511654400,8795.5,9596,8795.5,9401.11,28641.69759,11/26/17
1511740800,9401,9795,9401.11,9768.71,25683.32625,11/27/17
1511827200,9705.99,9989.95,9768.71,9949,18960.42674,11/28/17
1511913600,8595.55,11485,9949,9935.98,70224.99702,11/29/17
1512000000,9135.6,10850,9920.81,9903,42536.31364,11/30/17
1512086400,9517,10937,9903.01,10869.84,33257.57367,12/1/17
1512172800,10701,11100,10869.85,10930.24,20197.0181,12/2/17
1512259200,10601,11891,10930.24,11290,31415.80538,12/3/17
1512345600,10950,11650,11290,11643.98,20180.88653,12/4/17
1512432000,11532,11875,11643.99,11718.35,17711.49076,12/5/17
1512518400,11717.5,14425,11718.34,14090,51358.74593,12/6/17
1512604800,13500,19697,14090,17390.01,84528.10237,12/7/17
1512691200,13788.99,17777.69,17390.01,16367.03,68522.70363,12/8/17
1512777600,13550,16499,16367.03,15309.98,41170.50759,12/9/17
1512864000,13501,16300,15309.99,15290.01,52882.81595,12/10/17
1512950400,15200,17493,15290.01,16885.76,41169.69239,12/11/17
1513036800,16375,18149.99,16885.76,17730.12,38219.4074,12/12/17
1513123200,15700,17900,17730.12,16689.61,31867.18169,12/13/17
1513209600,16256,17199.6,16689.62,16749.78,16329.87585,12/14/17
1513296000,16745,17899,16749.79,17738.67,28605.32753,12/15/17
1513382400,17630,19797,17738.68,19650.01,24853.68358,12/16/17
1513468800,19010,19891.99,19650.02,19378.99,21476.2351,12/17/17
1513555200,18200,19385,19378.99,19039.01,26385.52353,12/18/17
1513641600,16800,19099,19039.01,17838.73,32148.34752,12/19/17
1513728000,14001,17890,17838.73,16496.89,47992.44424,12/20/17
1513814400,15151,17364.57,16496.9,15758.8,28740.89368,12/21/17
1513900800,10400,15974.95,15758.8,14210.57,103039.9342,12/22/17
1513987200,13750,16261,14229.47,15075.89,30795.888,12/23/17
1514073600,13210,15109.27,15075.89,14221.94,24834.83362,12/24/17
1514160000,13450,14774,14221.93,14171.98,15425.35357,12/25/17
1514246400,14171.98,16148,14171.99,15790.88,22462.70562,12/26/17
1514332800,14524.37,16490,15790.88,15367.08,24957.62817,12/27/17
1514419200,13500,15489,15360.01,14450.01,31273.57825,12/28/17
1514505600,14041.81,15105.34,14450.01,14565.05,18476.05199,12/29/17
1514592000,12500,14639.79,14565.04,12839.99,28787.73764,12/30/17
1514678400,12633.8,14280.26,12839.98,13863.13,18604.28577,12/31/17
1514764800,12952.5,13889,13863.14,13480.01,12295.00654,1/1/18
1514851200,13005,15275,13480,14781.51,26387.93493,1/2/18
1514937600,14628,15400,14781.52,15098.14,17877.49529,1/3/18
1515024000,14230,15400,15098.23,15144.99,20010.43634,1/4/18
1515110400,14819.78,17178,15145,16960.01,22917.78067,1/5/18
1515196800,16251.01,17174,16960.01,17098.99,14104.21392,1/6/18
1515283200,15755.01,17115.01,17099,16174.22,12341.08085,1/7/18
1515369600,14000,16275,16174.22,14993.74,23151.96462,1/8/18
1515456000,14230,15384,14993.73,14480.99,15384.62465,1/9/18
1515542400,13550.01,14875.18,14481,14875.18,22664.54514,1/10/18
1515628800,12800.01,14970,14875.17,13308.06,28889.12131,1/11/18
1515715200,12900,14080.83,13308.06,13820,14816.77241,1/12/18
1515801600,13792.25,14500,13820,14187.95,10491.10485,1/13/18
1515888000,13110,14332.85,14187.94,13656.23,10783.39314,1/14/18
1515974400,13416,14253,13656.23,13590,10511.84043,1/15/18
1516060800,9928.62,13643.66,13590,11570.01,62207.83296,1/16/18
1516147200,9005,12358.89,11570.01,11200.01,63957.23279,1/17/18
1516233600,10687.21,12123.1,11204.64,11305.53,30134.64773,1/18/18
1516320000,11050,11973.99,11305.53,11498.99,15959.30876,1/19/18
1516406400,11498.99,12985.55,11499,12762.8,18749.95639,1/20/18
1516492800,11118,12762.8,12762.8,11518.17,16426.17777,1/21/18
1516579200,10025,11849,11518.17,10766.7,24352.57046,1/22/18
1516665600,9945,11370,10766.7,10824.94,21897.02947,1/23/18
1516752000,10450,11450,10824.95,11356.79,15159.74618,1/24/18
1516838400,10851,11690,11356.8,11118,13803.39949,1/25/18
1516924800,10305,11570,11118,11086.89,19343.28195,1/26/18
1517011200,10850,11494.08,11086.88,11319,12301.18732,1/27/18
1517097600,11234.38,11697.24,11319,11536,13684.87205,1/28/18
1517184000,10840,11570,11536,11123.01,11166.05985,1/29/18
1517270400,9711.11,11150,11123.01,9995,27589.87337,1/30/18
1517356800,9601.02,10299.95,9995,10099.99,19533.7381,1/31/18
1517443200,8400,10166.25,10099.99,9014.23,38171.97003,2/1/18
1517529600,7540,9090.08,9014.22,8787.52,52039.26808,2/2/18
1517616000,8115.48,9499,8787.52,9240,23700.98509,2/3/18
1517702400,7859,9350,9227.8,8167.91,24062.18196,2/4/18
1517788800,6425.75,8349.16,8167.9,6905.19,59578.69822,2/5/18
1517875200,5873,7948.89,6905.2,7688.46,91895.11063,2/6/18
1517961600,7212.82,8650,7688.47,7575.75,50916.5789,2/7/18
1518048000,7550,8625,7575.76,8218.1,31649.57659,2/8/18
1518134400,7750,8700,8218.07,8671.01,27558.51614,2/9/18
1518220800,8155,9090,8671,8547.49,24910.69249,2/10/18
1518307200,7851,8547.49,8547.48,8072.99,16804.11338,2/11/18
1518393600,8072.99,8950,8073,8872.28,19718.28617,2/12/18
1518480000,8393.1,8925,8872.27,8520.01,13952.55755,2/13/18
1518566400,8520,9482.5,8520.01,9472.98,24374.64431,2/14/18
1518652800,9342.46,10249.81,9472.98,10031.23,32372.7974,2/15/18
1518739200,9729.58,10307.68,10031.23,10167.49,17843.54691,2/16/18
1518825600,10057,11149,10167.49,11121.5,20781.56168,2/17/18
1518912000,10159,11299.1,11121.5,10380.04,26975.9358,2/18/18
1518998400,10297.39,11274.11,10380.03,11140,17634.43505,2/19/18
1519084800,11000,11775,11140,11235.57,28425.12095,2/20/18
1519171200,10250,11279.99,11235.57,10454.27,30042.03089,2/21/18
1519257600,9715.27,10900,10453.83,9830,28095.90851,2/22/18
1519344000,9576.43,10390.77,9830,10144.99,20779.94318,2/23/18
1519430400,9372.72,10494.14,10144.99,9688.62,19729.38571,2/24/18
1519516800,9324.75,9850,9688.61,9597.99,11707.16167,2/25/18
1519603200,9404,10447.74,9600,10300,19118.99382,2/26/18
1519689600,10133.33,10845.07,10300,10566.57,18240.52935,2/27/18
1519776000,10263,11044,10556.3,10307.27,19688.06956,2/28/18
1519862400,10213.99,11075,10307.26,10895.92,15390.55106,3/1/18
1519948800,10765,11149,10895.93,11000,13838.03908,3/2/18
1520035200,11000,11494.57,11000.01,11432.5,13198.55336,3/3/18
1520121600,11041,11487,11432.51,11469.9,8635.842471,3/4/18
1520208000,11339,11645.74,11469.9,11377.54,11051.44858,3/5/18
1520294400,10565.85,11395.63,11371.5,10700,18565.88803,3/6/18
1520380800,9400,10894,10700,9925,32486.56623,3/7/18
1520467200,9050,10098,9925,9304.89,23426.79505,3/8/18
1520553600,8370,9410,9304.9,9255,42041.35762,3/9/18
1520640000,8720.08,9518.77,9255,8795.44,17254.8564,3/10/18
1520726400,8516,9760,8795.45,9533.88,21816.15454,3/11/18
1520812800,8780.49,9890,9533.88,9120,21281.59414,3/12/18
1520899200,8855,9472.88,9120,9145.41,17207.402,3/13/18
1520985600,7931,9340,9145.42,8207.02,28010.58834,3/14/18
1521072000,7666,8400,8207.02,8259.99,28014.23391,3/15/18
1521158400,7911,8600,8260,8275,16967.92913,3/16/18
1521244800,7751,8349.82,8274.09,7857.6,13639.73309,3/17/18
1521331200,7310,8302.73,7857.59,8192,30536.54458,3/18/18
1521417600,8108.31,8757.5,8192,8589,25598.67321,3/19/18
1521504000,8316.15,9046.26,8589,8900,20469.34145,3/20/18
1521590400,8745,9174,8900,8891.81,16007.11698,3/21/18
1521676800,8467.27,9073.93,8891.81,8715.09,14990.23803,3/22/18
1521763200,8280.04,8927.81,8715.09,8927.1,15266.82555,3/23/18
1521849600,8508,8999,8927.8,8531.34,11863.31062,3/24/18
1521936000,8359.45,8670,8531.96,8453,9048.852361,3/25/18
1522022400,7854,8498,8453,8145,19389.8513,3/26/18
1522108800,7757,8219.99,8144.99,7793.61,14987.73034,3/27/18
1522195200,7727.76,8088,7793.61,7942.72,10966.69757,3/28/18
1522281600,6905,7957,7942.73,7080,27812.00562,3/29/18
1522368000,6600,7275.35,7080,6848.01,29312.74966,3/30/18
1522454400,6780,7200,6848.01,6928.5,14951.49685,3/31/18
1522540800,6450,7044.46,6928.5,6816.01,15434.52281,4/1/18
1522627200,6777.28,7100,6816.01,7045.01,14317.14566,4/2/18
1522713600,7016.8,7520,7045.01,7424.9,18923.19244,4/3/18
1522800000,6708.46,7424.91,7424.91,6791.68,15332.55316,4/4/18
1522886400,6568.64,6933.11,6791.68,6785.85,14454.29417,4/5/18
1522972800,6518.88,6847,6785.86,6619.01,10756.54968,4/6/18
1523059200,6605.08,7064.64,6619.01,6894.01,10351.37367,4/7/18
1523145600,6880,7099.99,6894.01,7020.01,6296.849407,4/8/18
1523232000,6617,7169.53,7020.01,6771.13,13950.51964,4/9/18
1523318400,6661.19,6893.29,6771.14,6824.99,7491.822999,4/10/18
1523404800,6806.01,6974,6825,6942.99,8182.996006,4/11/18
1523491200,6767.77,8050,6943,7916,31205.93316,4/12/18
1523577600,7760,8220,7915.99,7893.19,22123.21007,4/13/18
1523664000,7830,8150,7893.19,8003.11,9338.060893,4/14/18
1523750400,8003.11,8392.56,8003.12,8355.25,9899.554583,4/15/18
1523836800,7905.99,8398.98,8355.24,8048.93,13429.26623,4/16/18
1523923200,7822,8162.5,8048.92,7892.1,10700.35753,4/17/18
1524009600,7879.8,8243.99,7892.11,8152.05,10973.85924,4/18/18
1524096000,8101.47,8300,8152.05,8274,11936.23619,4/19/18
1524182400,8216.21,8932.57,8274,8866.27,16415.30759,4/20/18
1524268800,8610.7,9038.87,8866.27,8915.42,12305.06569,4/21/18
1524355200,8754.01,9015,8915.42,8795.01,7805.767099,4/22/18
1524441600,8775.1,8991,8795,8931.3,8040.33558,4/23/18
1524528000,8930,9728.56,8931.31,9645.1,20843.27007,4/24/18
1524614400,8602.43,9763.49,9645,8865.98,31814.12884,4/25/18
1524700800,8660,9318,8865.98,9272.11,15216.8497,4/26/18
1524787200,8910,9369,9272.12,8922.55,12087.28643,4/27/18
1524873600,8863.42,9447,8922.56,9329.99,8849.513663,4/28/18
1524960000,9179.99,9512.5,9329.99,9389.01,7937.988122,4/29/18
1525046400,9110.88,9447,9389.01,9243.83,8862.273201,4/30/18
1525132800,8831.21,9245.37,9243.83,9072.29,11372.35045,5/1/18
1525219200,8990,9251.05,9072.29,9190.48,8825.624615,5/2/18
1525305600,9131,9800,9190.47,9725.74,14956.45444,5/3/18
1525392000,9451.5,9745,9725.74,9685,10837.9026,5/4/18
1525478400,9660.28,9948.12,9685,9800,9391.101071,5/5/18
1525564800,9390,9880,9799.99,9600,7651.215006,5/6/18
1525651200,9162.85,9619.55,9600,9353,9909.982462,5/7/18
1525737600,9050,9463.13,9356.25,9177.82,9561.980019,5/8/18
1525824000,8960,9370,9177.81,9300.08,8628.950833,5/9/18
1525910400,9001.01,9386.32,9300.08,9010.51,7596.461347,5/10/18
1525996800,8351,9010.51,9010.51,8403.33,17512.92698,5/11/18
1526083200,8223.43,8658.57,8403.33,8475,11392.07649,5/12/18
1526169600,8345,8774.32,8474.31,8686.1,6678.594312,5/13/18
1526256000,8289.79,8880.01,8686.1,8670,14127.77868,5/14/18
1526342400,8420.45,8847,8670,8477.46,10892.26808,5/15/18
1526428800,8103.33,8500,8477.47,8344,10858.39387,5/16/18
1526515200,8001,8483.48,8344.01,8059,8477.742996,5/17/18
1526601600,7927.21,8280,8059,8238.51,8239.275926,5/18/18
1526688000,8152.54,8390,8238.51,8235.6,4198.420451,5/19/18
1526774400,8172,8600,8235.6,8516.86,4486.830713,5/20/18
1526860800,8309.23,8584.39,8516.86,8393.44,5125.878383,5/21/18
1526947200,7950,8400,8393.43,7987.7,6905.266002,5/22/18
1527033600,7433.19,8030.06,7987.7,7505,15892.46677,5/23/18
1527120000,7269,7734.99,7505.01,7584.15,11375.35826,5/24/18
1527206400,7326.94,7661.85,7584.15,7459.11,8681.380044,5/25/18
1527292800,7287.23,7640.46,7459.11,7337.95,4572.291631,5/26/18
1527379200,7229.01,7392.7,7337.94,7346.64,4568.215903,5/27/18
1527465600,7087,7444.8,7346.64,7107.94,7785.666816,5/28/18
1527552000,7058,7524.99,7107.94,7460,10350.09174,5/29/18
1527638400,7272.71,7557.78,7460,7380.01,6250.204776,5/30/18
1527724800,7340,7609.99,7380,7485,6067.828015,5/31/18
1527811200,7351.01,7599.99,7485,7514.32,6936.822982,6/1/18
1527897600,7440,7697.09,7514.32,7636.42,5070.864946,6/2/18
1527984000,7583.24,7777,7636.41,7706.37,5206.863452,6/3/18
1528070400,7447.61,7747.57,7706.37,7487.37,6034.28233,6/4/18
1528156800,7355,7677.5,7487.37,7612.51,5740.072261,6/5/18
1528243200,7484,7691,7612.51,7655,5736.887304,6/6/18
1528329600,7635,7747,7655,7684.93,5041.522793,6/7/18
1528416000,7536.58,7690,7684.93,7618.8,3945.542833,6/8/18
1528502400,7468,7680,7616,7496.4,2775.246961,6/9/18
1528588800,6652,7496.41,7496.41,6770.31,18788.77681,6/10/18
1528675200,6666.66,6913.83,6770.31,6881,11620.53954,6/11/18
1528761600,6450,6885.84,6881,6545,10820.92304,6/12/18
1528848000,6135,6618.95,6549.47,6302.31,17373.41487,6/13/18
1528934400,6269,6750,6302.32,6638.49,14548.25526,6/14/18
1529020800,6370,6660,6638.49,6391.22,7028.638928,6/15/18
1529107200,6330,6549.99,6391.21,6484.29,4521.329563,6/16/18
1529193600,6428.14,6570.01,6484.3,6447.16,3275.097925,6/17/18
1529280000,6385,6807.64,6447.15,6709.02,8046.055935,6/18/18
1529366400,6670.01,6829.06,6709.19,6736.41,6155.181874,6/19/18
1529452800,6557.66,6817,6736.41,6759.18,6683.293571,6/20/18
1529539200,6682.3,6787,6759.54,6719.01,4385.002797,6/21/18
1529625600,5921.21,6725,6719.01,6059.82,18193.25099,6/22/18
1529712000,6040.01,6250,6059.82,6178.29,6070.207871,6/23/18
1529798400,5777,6255.8,6178.29,6149.99,13211.31954,6/24/18
1529884800,6070.13,6340.01,6150,6246.01,9237.288448,6/25/18
1529971200,6006.39,6271,6246.01,6074,6680.681749,6/26/18
1530057600,5983.56,6175.43,6074.01,6132.17,7061.436244,6/27/18
1530144000,5816.6,6161.47,6132.16,5851.66,7769.811647,6/28/18
1530230400,5790.01,6300,5850.25,6202.36,11065.12249,6/29/18
1530316800,6185,6520.15,6202.36,6383.19,6783.384503,6/30/18
1530403200,6256.76,6424.14,6383.19,6349.5,4069.056991,7/1/18
1530489600,6270.01,6669.99,6349.5,6611.79,8287.965296,7/2/18
1530576000,6465,6673.99,6611.79,6502.62,6501.265779,7/3/18
1530662400,6411.51,6796.62,6502.62,6587.47,6847.855498,7/4/18
1530748800,6449.5,6700,6587.46,6532.95,6985.123101,7/5/18
1530835200,6452.2,6639,6532.96,6600,5215.293068,7/6/18
1530921600,6512,6843.26,6599.99,6753.28,4496.265916,7/7/18
1531008000,6671,6778.31,6753.29,6701.97,3321.525298,7/8/18
1531094400,6625,6815.82,6701.97,6664.01,5254.129649,7/9/18
1531180800,6279,6679.47,6664.01,6303.7,8177.866826,7/10/18
1531267200,6281.01,6400,6303.69,6390.04,5038.303478,7/11/18
1531353600,6075.01,6390.04,6390.04,6249.75,9411.457948,7/12/18
1531440000,6121.53,6335.09,6246.68,6216.29,5975.710385,7/13/18
1531526400,6187,6323.68,6216.29,6248.65,3044.818106,7/14/18
1531612800,6233.26,6385.35,6248.65,6348.73,3882.969453,7/15/18
1531699200,6330.3,6750,6348.73,6728.81,9147.406016,7/16/18
1531785600,6663.51,7472.5,6728.8,7315.01,15644.40972,7/17/18
1531872000,7229.89,7584.85,7315,7378.99,15774.39906,7/18/18
1531958400,7281.42,7581,7378.99,7470.01,9985.497944,7/19/18
1532044800,7259.76,7687,7470.01,7334.46,10406.319,7/20/18
1532131200,7204.32,7444.77,7334.46,7408,5079.339249,7/21/18
1532217600,7327.75,7569.69,7408,7397.8,5599.219125,7/22/18
1532304000,7378.26,7809,7400,7720.09,12449.92346,7/23/18
1532390400,7695.99,8488,7720.08,8385.5,19636.00923,7/24/18
1532476800,8042,8482.84,8390.04,8157.15,14713.91078,7/25/18
1532563200,7840,8290,8157.15,7931.99,11869.52085,7/26/18
1532649600,7787.29,8276.55,7932,8184.21,11991.35206,7/27/18
1532736000,8065,8230,8182.64,8228.9,4141.050365,7/28/18
1532822400,8127.87,8289.96,8227.38,8216.34,4239.760304,7/29/18
1532908800,7850,8274.92,8216.33,8170.01,10568.96492,7/30/18
1532995200,7629.48,8173.57,8170,7727.27,12604.37481,7/31/18
1533081600,7437,7750,7727.28,7603.99,11853.49011,8/1/18
1533168000,7462,7707.54,7603.99,7533.92,6917.398384,8/2/18
1533254400,7285,7538.53,7533.92,7414.08,11084.8522,8/3/18
1533340800,6940,7495,7414.08,7005,9933.75031,8/4/18
1533427200,6880,7086.52,7005,7030.01,6243.599909,8/5/18
1533513600,6840,7163,7030,6938,8956.049417,8/6/18
1533600000,6647.07,7152,6938,6718.22,11165.14163,8/7/18
1533686400,6121.04,6718.22,6718.22,6282.5,22145.35061,8/8/18
1533772800,6177.51,6633.21,6282.5,6546.45,13980.70056,8/9/18
1533859200,6015,6584.8,6546.46,6146.01,8064.709398,8/10/18
1533945600,6003,6485.76,6146.01,6235.56,10153.23416,8/11/18
1534032000,6169.46,6482,6236,6316.01,8324.091041,8/12/18
1534118400,6139.57,6544.99,6316,6253.67,10604.12279,8/13/18
1534204800,5900,6258.32,6253.67,6195.01,17742.68279,8/14/18
1534291200,6189,6636,6195,6269.01,17786.54579,8/15/18
1534377600,6200,6475.01,6269.01,6315.9,8976.041134,8/16/18
1534464000,6290.39,6585.5,6315.9,6585.49,10776.85437,8/17/18
1534550400,6312,6613.23,6585.5,6396.64,6974.441859,8/18/18
1534636800,6328.45,6547.34,6396.63,6489.53,4472.176167,8/19/18
1534723200,6227.71,6525,6489.53,6258.74,7905.423026,8/20/18
1534809600,6249.12,6490,6258.74,6475.89,6860.900029,8/21/18
1534896000,6250,6890.65,6475.89,6359.99,17611.22588,8/22/18
1534982400,6348.69,6568.37,6359.99,6526.36,6998.973168,8/23/18
1535068800,6451.55,6725,6526.36,6690.88,7427.544607,8/24/18
1535155200,6668,6790,6690.88,6737.52,4930.166071,8/25/18
1535241600,6572,6773,6737.52,6709.98,5009.102714,8/26/18
1535328000,6654.13,6947.6,6709.98,6911.9,7307.585235,8/27/18
1535414400,6864.96,7128,6911.9,7071.01,11880.45613,8/28/18
1535500800,6907.42,7119,7071.01,7030.9,7712.7585,8/29/18
1535587200,6790,7048.66,7030.92,6983,8327.345454,8/30/18
1535673600,6884.49,7090.46,6983,7015.01,7857.298404,8/31/18
1535760000,7010.98,7275,7015.01,7191.08,6276.185617,9/1/18
1535846400,7130,7328.99,7191.07,7295,5891.969804,9/2/18
1535932800,7192.99,7339.52,7294.99,7256.98,6133.077252,9/3/18
1536019200,7229.94,7402.5,7256.48,7360,7999.769557,9/4/18
1536105600,6664.07,7384,7359.99,6687.96,16381.47246,9/5/18
1536192000,6272.73,6703.73,6687.96,6495,18836.77907,9/6/18
1536278400,6325,6530,6495,6395.01,8369.229395,9/7/18
1536364800,6116,6460,6395.01,6188,7581.687772,9/8/18
1536451200,6147,6450,6188,6235.01,6356.673808,9/9/18
1536537600,6221.49,6375.13,6235.02,6300,7028.654532,9/10/18
1536624000,6176.76,6405,6300,6282.53,7512.790943,9/11/18
1536710400,6191.1,6340.94,6282.53,6326,7428.991315,9/12/18
1536796800,6323.64,6530,6326,6485.99,9800.751255,9/13/18
1536883200,6378.05,6580,6485.99,6478.04,7691.810536,9/14/18
1536969600,6470,6565,6478.05,6518.68,3404.117515,9/15/18
1537056000,6323.68,6521.75,6518.68,6498,3520.803553,9/16/18
1537142400,6207.55,6529.75,6498,6250.7,9335.449777,9/17/18
1537228800,6228,6384.04,6250.71,6335.7,6137.367942,9/18/18
1537315200,6106.37,6511,6335.69,6386.94,10754.09694,9/19/18
1537401600,6337,6530,6386.95,6493.11,6819.603515,9/20/18
1537488000,6492.5,6777.1,6493.11,6750,11391.70322,9/21/18
1537574400,6628.01,6823,6750,6707.33,5315.78683,9/22/18
1537660800,6660.05,6777,6707.34,6696.99,3506.512201,9/23/18
1537747200,6555.99,6716.16,6696.99,6582.09,5562.20173,9/24/18
1537833600,6320.5,6582.1,6582.09,6436.89,9533.999656,9/25/18
1537920000,6380.62,6537.26,6435,6455.66,5910.043993,9/26/18
1538006400,6430,6734.79,6455.65,6680.01,7878.874061,9/27/18
1538092800,6528.13,6786.73,6680.01,6620.01,9039.129023,9/28/18
1538179200,6452.02,6620.01,6620.01,6581,4371.915449,9/29/18
1538265600,6523,6642.28,6581,6605,3698.721067,9/30/18
1538352000,6474.9,6639.33,6605,6572.83,7146.810771,10/1/18
1538438400,6452,6591.37,6572.83,6498.46,5444.036364,10/2/18
1538524800,6398.96,6507.95,6498.47,6466.03,6264.41952,10/3/18
1538611200,6454.38,6603.01,6466.03,6547.45,6676.802823,10/4/18
1538697600,6510.58,6641,6547.45,6593.94,5347.264432,10/5/18
1538784000,6536,6594.39,6593.94,6552.43,2725.256475,10/6/18
1538870400,6491.81,6585.01,6552.42,6570,2625.49821,10/7/18
1538956800,6545.63,6681.19,6569.99,6608.07,5447.875487,10/8/18
1539043200,6552.5,6612.86,6607.53,6589.48,4580.909743,10/9/18
1539129600,6445.48,6591.32,6589.48,6524.56,6387.671986,10/10/18
1539216000,6033.34,6524.56,6524.56,6154.69,20730.76349,10/11/18
1539302400,6111.97,6235.2,6154.68,6188.01,5574.647391,10/12/18
1539388800,6178,6212,6188.01,6196,3842.859291,10/13/18
1539475200,6151,6288.45,6196.01,6183.49,3763.118346,10/14/18
1539561600,6151.58,6810,6183.52,6440.42,21436.33656,10/15/18
1539648000,6375,6493.11,6440.43,6457.11,10080.99136,10/16/18
1539734400,6411.19,6459.99,6457.1,6443.7,5507.266621,10/17/18
1539820800,6355,6489.83,6443.69,6394.96,7212.213941,10/18/18
1539907200,6353.86,6409.61,6394.96,6382.99,3816.48536,10/19/18
1539993600,6369,6420,6382.99,6414,3425.842678,10/20/18
1540080000,6405.57,6452.87,6413.99,6415.88,2611.790727,10/21/18
1540166400,6377.77,6427.63,6415.87,6407.65,4004.826027,10/22/18
1540252800,6360,6411.5,6407.64,6395.14,4036.625693,10/23/18
1540339200,6395.13,6471,6395.13,6415.98,5193.916889,10/24/18
1540425600,6377.5,6422,6415.97,6395.58,3747.244902,10/25/18
1540512000,6383.54,6450,6395.58,6404.87,4134.910058,10/26/18
1540598400,6390,6421.76,6404.87,6409.12,2332.791502,10/27/18
1540684800,6380.01,6415,6409.11,6403.62,2142.013305,10/28/18
1540771200,6211,6414.99,6403.63,6266,6986.995765,10/29/18
1540857600,6240.54,6289,6266,6267.63,4101.071252,10/30/18
1540944000,6201.67,6353.24,6267.63,6304.18,5229.245122,10/31/18
1541030400,6293.44,6360,6304.18,6344,4490.977981,11/1/18
1541116800,6333.94,6378.77,6344,6349.8,4182.903688,11/2/18
1541203200,6315.91,6351.7,6349.8,6331.96,2572.933062,11/3/18
1541289600,6313.17,6464.15,6331.96,6423.28,4055.769107,11/4/18
1541376000,6372,6439.99,6423.29,6404,4088.666893,11/5/18
1541462400,6387.82,6449.65,6404,6448.5,5512.347248,11/6/18
1541548800,6448.5,6540,6448.5,6503.12,5832.93618,11/7/18
1541635200,6388,6511.88,6503.12,6406.24,5335.810773,11/8/18
1541721600,6305,6415,6406.24,6334.89,4588.216366,11/9/18
1541808000,6327.46,6374,6334.89,6347.42,2421.623959,11/10/18
1541894400,6271.15,6360,6347.42,6357.6,2363.528605,11/11/18
1541980800,6305.95,6383.59,6357.6,6327.87,3731.222774,11/12/18
1542067200,6252.5,6328.22,6327.87,6259.34,4686.914664,11/13/18
1542153600,5280.93,6293.38,6259.35,5605.46,32734.23711,11/14/18
1542240000,5188,5645,5605.01,5579.52,21893.75592,11/15/18
1542326400,5410,5609.91,5579.5,5512.24,9359.822817,11/16/18
1542412800,5450.83,5544,5512.26,5504.17,4784.397208,11/17/18
1542499200,5503.34,5665,5503.34,5560,4724.534513,11/18/18
1542585600,4670.05,5560,5560,4733.5,41591.9223,11/19/18
1542672000,4035,4889,4736.67,4349.23,66596.87805,11/20/18
1542758400,4239.01,4627.55,4349.24,4545.11,28516.37042,11/21/18
1542844800,4238.69,4589,4545.12,4265.36,13038.24058,11/22/18
1542931200,4085.73,4366.05,4268.18,4283.8,19589.94094,11/23/18
1543017600,3650.84,4370.78,4283.8,3774.99,22955.31008,11/24/18
1543104000,3456.78,4120,3775,3936.69,39067.04083,11/25/18
1543190400,3508,4076.25,3936.7,3731.32,36455.22368,11/26/18
1543276800,3562.9,3830,3731.01,3775,23788.75185,11/27/18
1543363200,3775,4365,3775.01,4225.03,35951.14939,11/28/18
1543449600,4077.88,4414.89,4224.86,4248,20589.29919,11/29/18
1543536000,3869,4297.71,4247.99,3976,20010.38688,11/30/18
1543622400,3910.08,4277,3976.01,4142.01,10546.5152,12/1/18
1543708800,4036,4266,4142.01,4103.19,11311.33064,12/2/18
1543795200,3741.95,4119.98,4102.8,3833.47,17040.92435,12/3/18
1543881600,3732.43,4035.1,3833.47,3901.84,16954.85724,12/4/18
1543968000,3660,3912.53,3901.84,3694.39,14945.04244,12/5/18
1544054400,3400,3849,3694.39,3433.26,28942.88212,12/6/18
1544140800,3212,3550,3433.3,3380.01,37833.30636,12/7/18
1544227200,3253.66,3495,3380,3401,13700.64053,12/8/18
1544313600,3367.79,3642.51,3401,3531.18,11758.12531,12/9/18
1544400000,3354.97,3590.71,3531.18,3410.15,13513.91206,12/10/18
1544486400,3293.49,3424.92,3410.15,3349.36,11090.98128,12/11/18
1544572800,3325.58,3486.16,3350.27,3430.24,10524.18793,12/12/18
1544659200,3227.96,3439.63,3430.24,3265,14265.26124,12/13/18
1544745600,3135,3294.9,3265,3195.71,14656.53845,12/14/18
1544832000,3128.89,3228.69,3195.71,3183,9343.272397,12/15/18
1544918400,3181.24,3258,3183.01,3195,7211.242131,12/16/18
1545004800,3184.28,3585.95,3194.99,3496.82,21857.11843,12/17/18
1545091200,3436.5,3688,3497.1,3667.77,16980.16943,12/18/18
1545177600,3637.17,3928.15,3667.76,3682.51,28456.24369,12/19/18
1545264000,3661.5,4175,3682.51,4075.34,30698.00489,12/20/18
1545350400,3775,4162.27,4075.33,3839.06,23496.86263,12/21/18
1545436800,3790.16,4005,3839.26,3980.46,9902.767616,12/22/18
1545523200,3903.6,4050,3981.24,3944.93,10282.45711,12/23/18
1545609600,3944.92,4239.37,3944.92,4034,19713.64189,12/24/18
1545696000,3675.86,4045.41,4034,3780,13871.75447,12/25/18
1545782400,3685.02,3849.2,3780,3809.88,9409.625557,12/26/18
1545868800,3567,3841.21,3809.88,3589.89,13433.23545,12/27/18
1545955200,3576.12,3971.58,3589.89,3888.06,16776.66567,12/28/18
1546041600,3706,3944.33,3887.58,3729.31,9781.018322,12/29/18
1546128000,3691.01,3863.06,3729.31,3829,8725.838515,12/30/18
1546214400,3625,3835.4,3829,3691.86,12799.94263,12/31/18
1546300800,3651.02,3841.17,3691.87,3826.1,10812.88499,1/1/19
1546387200,3770.07,3916.57,3826.1,3890.79,9982.470846,1/2/19
1546473600,3758.07,3893.8,3890.8,3787.57,9327.647089,1/3/19
1546560000,3730,3849,3787.57,3820.82,9225.1505,1/4/19
1546646400,3775,3874.12,3820.82,3798.62,6451.00775,1/5/19
1546732800,3756.01,4088,3799.99,4040.99,10057.45367,1/6/19
1546819200,3968.79,4070,4040.98,4006.01,9973.665385,1/7/19
1546905600,3943.36,4114.8,4005.97,3993.86,13959.39645,1/8/19
1546992000,3962.12,4042.2,3993.85,4004.12,10704.12811,1/9/19
1547078400,3560,4035.21,4004.13,3626.12,21869.1838,1/10/19
1547164800,3576,3699.99,3626.12,3635.69,14489.68867,1/11/19
1547251200,3557.29,3649.18,3634.73,3619.41,5793.599037,1/12/19
1547337600,3481.54,3641.86,3619.38,3514.24,8288.700748,1/13/19
1547424000,3509.24,3711.11,3514.24,3664.19,11241.4368,1/14/19
1547510400,3538.63,3684.38,3664.18,3580.76,10894.51487,1/15/19
1547596800,3572.52,3666.73,3580.19,3609.71,8894.459812,1/16/19
1547683200,3541,3657,3609.71,3640.65,8924.864667,1/17/19
1547769600,3580.16,3643.69,3640.64,3607.85,5977.236993,1/18/19
1547856000,3604.9,3765.9,3607.85,3682.65,6068.646205,1/19/19
1547942400,3481.01,3703.39,3683.5,3536.19,7430.519597,1/20/19
1548028800,3487.37,3568.95,3537.56,3531.76,6493.832658,1/21/19
1548115200,3425,3611.5,3531.75,3577.03,9658.632207,1/22/19
1548201600,3523.64,3614.47,3577.04,3553.01,8205.656305,1/23/19
1548288000,3530.1,3595.83,3553.01,3568.97,5827.072037,1/24/19
1548374400,3510.01,3578.79,3568.97,3562.17,6834.071153,1/25/19
1548460800,3540,3657.76,3562.17,3556.07,5602.740546,1/26/19
1548547200,3470.14,3562.9,3556.07,3531.02,4286.50899,1/27/19
1548633600,3374.01,3535.92,3531.02,3429.95,13775.65442,1/28/19
1548720000,3337.87,3438.4,3429.95,3397.42,8709.697301,1/29/19
1548806400,3372.97,3459.41,3395.74,3437.55,8513.958812,1/30/19
1548892800,3396.74,3473.4,3437.55,3411.5,7405.39615,1/31/19
1548979200,3369.62,3458.26,3411.5,3437.5,8806.601711,2/1/19
1549065600,3414.49,3483.25,3437.5,3468.43,3967.923509,2/2/19
1549152000,3386.45,3471.76,3468.43,3414.78,4606.568914,2/3/19
1549238400,3395.1,3435,3415.69,3409.57,6032.818953,2/4/19
1549324800,3400,3429.46,3409.57,3428.4,6385.435772,2/5/19
1549411200,3340.8,3441,3428.41,3367.36,9820.672191,2/6/19
1549497600,3352.01,3383.14,3366.01,3359,8613.799127,2/7/19
1549584000,3344,3711,3358.99,3621.99,17649.47598,2/8/19
1549670400,3597,3644.08,3622,3623.73,5155.45744,2/9/19
1549756800,3578.59,3654.28,3623.73,3648.84,5364.529481,2/10/19
1549843200,3579.38,3652,3648.85,3590.36,8819.261483,2/11/19
1549929600,3550,3618.77,3590.36,3588.06,8347.136114,2/12/19
1550016000,3562.98,3627.99,3588.06,3576.68,7024.942204,2/13/19
1550102400,3535.1,3589,3576.69,3561.5,6197.235508,2/14/19
1550188800,3545.89,3620.22,3561.49,3566.59,7447.043127,2/15/19
1550275200,3565.5,3607.36,3566.59,3582.37,4351.617483,2/16/19
1550361600,3557.43,3675,3582.37,3625.08,6402.7929,2/17/19
1550448000,3616.18,3917,3625.08,3867,16895.18406,2/18/19
1550534400,3841.54,3969.54,3867,3888.01,14845.22659,2/19/19
1550620800,3867.13,3967.19,3888.37,3938.99,8929.272153,2/20/19
1550707200,3869.45,3988,3939,3897.71,8806.932724,2/21/19
1550793600,3886.15,3956.43,3897.71,3942.02,7667.218174,2/22/19
1550880000,3911.3,4156.1,3942.02,4110,10844.79746,2/23/19
1550966400,3712.84,4188.79,4110,3734.22,17002.16746,2/24/19
1551052800,3731.09,3860,3734.23,3818.79,11164.08173,2/25/19
1551139200,3763.71,3826.37,3818.78,3799.48,6520.298729,2/26/19
1551225600,3655,3823.13,3799.49,3799.91,8297.569064,2/27/19
1551312000,3754.37,3910,3800.35,3792.14,9852.4727,2/28/19
1551398400,3791.31,3843,3792.14,3806.17,6816.698972,3/1/19
1551484800,3763,3818.08,3806.17,3809.7,3720.644708,3/2/19
1551571200,3763.62,3815.48,3809.7,3786.93,4100.676734,3/3/19
1551657600,3672.39,3804.99,3786.93,3700.72,8335.768724,3/4/19
1551744000,3692.36,3876.65,3700.02,3844.59,9534.919119,3/5/19
1551830400,3812,3894.7,3844.59,3851.89,6911.185729,3/6/19
1551916800,3830.79,3891,3851.89,3857.05,7308.015747,3/7/19
1552003200,3771,3910.88,3857.04,3843.12,8988.383431,3/8/19
1552089600,3834.59,3947.33,3842.62,3917,5821.056375,3/9/19
1552176000,3867.84,3917,3917,3900.92,3602.233139,3/10/19
1552262400,3817.01,3911.83,3900.93,3849.68,6170.465136,3/11/19
1552348800,3796.71,3875.33,3849.67,3860,6921.17285,3/12/19
1552435200,3827.5,3871.02,3860,3851.02,5689.696222,3/13/19
1552521600,3779.28,3900,3851.02,3853.95,7895.188155,3/14/19
1552608000,3846.79,3910,3853.95,3902.8,6794.313899,3/15/19
1552694400,3900.89,4037.47,3902.8,3990,6801.895338,3/16/19
1552780800,3936.3,3991,3990,3967.01,3579.866435,3/17/19
1552867200,3937.69,4015.7,3967.01,3970.5,5613.646373,3/18/19
1552953600,3952.08,4009.61,3969.68,4000.85,5889.0257,3/19/19
1553040000,3965.43,4044.82,4000.85,4031.85,7321.392907,3/20/19
1553126400,3915.14,4056.33,4032.68,3972.76,9362.011277,3/21/19
1553212800,3961.7,3998.01,3972.76,3983.78,5137.207464,3/22/19
1553299200,3960.25,3997.01,3983.77,3983.43,4145.339978,3/23/19
1553385600,3946,3982.45,3982.45,3969.52,2699.830014,3/24/19
1553472000,3858,3976.47,3969.52,3907.53,6471.85662,3/25/19
1553558400,3880.64,3923.9,3907.54,3921.45,4279.07361,3/26/19
1553644800,3914.9,4035.8,3922.41,4026.53,6852.410068,3/27/19
1553731200,3994,4026.54,4026.54,4011.17,4867.338305,3/28/19
1553817600,4007.78,4101.5,4011.98,4091.01,9955.468577,3/29/19
1553904000,4042.51,4131.87,4091.01,4094.14,5262.213447,3/30/19
1553990400,4077.01,4103,4094.14,4094.99,3140.837013,3/31/19
1554076800,4051.53,4149.5,4095,4137,7951.264927,4/1/19
1554163200,4132.02,5121,4137.01,4901.93,38406.93212,4/2/19
1554249600,4787.11,5345,4901.92,4975.97,39435.72651,4/3/19
1554336000,4778,5071.34,4975.13,4906.49,16348.20012,4/4/19
1554422400,4887.34,5066.59,4907.92,5040.66,11681.3743,4/5/19
1554508800,4925,5244.04,5040.95,5049.22,12091.44129,4/6/19
1554595200,5029.7,5270.33,5049.18,5194.79,10156.6009,4/7/19
1554681600,5132.28,5352.5,5194.76,5285.54,15666.45276,4/8/19
1554768000,5145,5287,5286.82,5187.21,9741.06959,4/9/19
1554854400,5164.49,5488,5187.21,5318.58,16740.40013,4/10/19
1554940800,4967.24,5342.74,5322.02,5041.3,16499.10832,4/11/19
1555027200,4901.99,5118.56,5040.11,5078.19,9952.126364,4/12/19
1555113600,5036.74,5123.28,5078.19,5066.22,4288.939598,4/13/19
1555200000,5013.81,5191.19,5065.02,5164.27,4408.967663,4/14/19
1555286400,4945.54,5193.01,5163.81,5029.99,10155.67146,4/15/19
1555372800,5016.45,5229.97,5029.99,5202.9,8624.244945,4/16/19
1555459200,5173.11,5272.32,5201.21,5227,7415.725812,4/17/19
1555545600,5222.26,5318.18,5227,5281.81,8234.199659,4/18/19
1555632000,5196.7,5359.47,5280.5,5290.36,6330.550808,4/19/19
1555718400,5260.24,5359.98,5290.37,5319.89,4905.682858,4/20/19
1555804800,5213.34,5349.16,5319.9,5297.64,5748.507325,4/21/19
1555891200,5250.45,5440.84,5297.64,5387.6,12286.70534,4/22/19
1555977600,5361.01,5650.01,5387.6,5532.75,18208.59653,4/23/19
1556064000,5374,5624.47,5532.75,5441.9,15137.83284,4/24/19
1556150400,4963,5512.12,5440.59,5134.81,18152.86626,4/25/19
1556236800,5041.14,5295.03,5134.82,5159.51,14423.59231,4/26/19
1556323200,5117.46,5221.24,5159.5,5170.6,4268.747635,4/27/19
1556409600,5101,5214.5,5171.9,5155,4913.464656,4/28/19
1556496000,5072.01,5189.54,5155,5148.25,7338.234556,4/29/19
1556582400,5126.25,5285,5148.25,5270.69,7270.797212,4/30/19
1556668800,5265.61,5358.39,5270.68,5321.15,7327.285309,5/1/19
1556755200,5306.09,5422.99,5321.15,5390.01,7324.974558,5/2/19
1556841600,5363,5796.93,5390,5657.4,19730.73219,5/3/19
1556928000,5512,5846.88,5657.41,5770.01,11070.84485,5/4/19
1557014400,5627.35,5782.22,5770.01,5715.86,5764.759266,5/5/19
1557100800,5564.93,5753.66,5715.86,5687.9,9144.018724,5/6/19
1557187200,5687.9,5974.51,5687.9,5748.45,16066.74315,5/7/19
1557273600,5656.26,5990,5748.47,5948.41,12720.17516,5/8/19
1557360000,5934.49,6171.1,5947,6153.09,15697.64557,5/9/19
1557446400,6108.81,6430,6153.09,6343.14,17600.38078,5/10/19
1557532800,6342.98,7464.13,6342.99,7219.95,37819.24016,5/11/19
1557619200,6755,7581.82,7215.02,6979.76,41012.54157,5/12/19
1557705600,6864.93,8195,6979.24,7824.93,47215.37161,5/13/19
1557792000,7621.27,8350,7822.88,7990.92,39515.75093,5/14/19
1557878400,7831.77,8308.16,7990.92,8203.32,24928.15679,5/15/19
1557964800,7660.74,8388,8203.33,7878.96,29391.33326,5/16/19
1558051200,6600,7940.75,7881.39,7363.69,47374.72004,5/17/19
1558137600,7204.42,7491.22,7363.85,7262.4,11074.40023,5/18/19
1558224000,7252.58,8315,7262.39,8200,25170.35141,5/19/19
1558310400,7570.31,8199.53,8194.34,7999.54,25402.08288,5/20/19
1558396800,7805.34,8112.99,7998.94,7951.7,14246.43358,5/21/19
1558483200,7506.12,8044.32,7951.69,7626.48,17522.65517,5/22/19
1558569600,7467.1,7984.9,7622.25,7881.98,14905.94956,5/23/19
1558656000,7794.73,8175,7878.16,8001.7,14767.93865,5/24/19
1558742400,7941.25,8149,8001.69,8063.81,5373.265864,5/25/19
1558828800,7881.7,8793.97,8063.68,8731.72,19430.80768,5/26/19
1558915200,8611.44,8947.88,8732.34,8772.29,18163.72218,5/27/19
1559001600,8545,8822.46,8772.29,8715.36,11990.47865,5/28/19
1559088000,8426.09,8760.43,8715.36,8662.44,12327.60539,5/29/19
1559174400,7972,9090,8662.44,8279.69,31707.59661,5/30/19
1559260800,8110,8580,8279.69,8554.06,16598.9907,5/31/19
1559347200,8452.21,8618,8554.06,8558.95,7486.031537,6/1/19
1559433600,8550,8834,8558.8,8736.55,5865.286796,6/2/19
1559520000,8030.46,8742.48,8736.55,8107.96,16677.69381,6/3/19
1559606400,7427,8104.95,8104.95,7670.96,30486.58039,6/4/19
1559692800,7570,7932.87,7671.07,7789.48,13294.21844,6/5/19
1559779200,7450,7874.68,7787.36,7805,12526.07915,6/6/19
1559865600,7756.79,8134.29,7805,7998.13,12669.68777,6/7/19
1559952000,7786.01,8059.99,7998.13,7930.14,5088.51193,6/8/19
1560038400,7508.77,7960,7930.14,7634.58,7667.472015,6/9/19
1560124800,7516.9,8097.35,7635.05,8015.69,9866.518447,6/10/19
1560211200,7702.83,8057.19,8015.7,7918.17,7810.182544,6/11/19
1560297600,7817,8292.43,7913.64,8176.02,12826.87156,6/12/19
1560384000,8048.75,8329.99,8176.03,8239.04,8631.667981,6/13/19
1560470400,8180.08,8738.92,8239.04,8697.46,12739.93242,6/14/19
1560556800,8588.7,8916.63,8697.45,8860.23,9997.175821,6/15/19
1560643200,8799.7,9388,8856.13,8975,22620.39051,6/16/19
1560729600,8975.78,9475,8975.78,9333.14,20653.48869,6/17/19
1560816000,8919.72,9359.48,9333.08,9078.48,16415.41592,6/18/19
1560902400,9035.75,9319.5,9078.48,9277.54,9225.456758,6/19/19
1560988800,9210.3,9599,9277.55,9531.21,12144.51016,6/20/19
1561075200,9531.21,10245,9531.21,10236.2,24905.11879,6/21/19
1561161600,10080,11215.89,10235.59,10666.86,38347.96821,6/22/19
1561248000,10490,11284.44,10666.87,10833.02,17386.65814,6/23/19
1561334400,10550.21,11091.97,10833,11032.32,15499.05519,6/24/19
1561420800,10997,11788.88,11030.8,11755.53,25027.55358,6/25/19
1561507200,11350,13868.44,11754.25,12927.44,82377.60419,6/26/19
1561593600,10300,13358.68,12927.44,11159.29,77275.98772,6/27/19
1561680000,10737.87,12444.77,11159.29,12360.45,42092.85496,6/28/19
1561766400,11318.94,12379.99,12360.42,11865.29,28879.34994,6/29/19
1561852800,10650.06,12200,11869.84,10761.26,28722.48539,6/30/19
1561939200,9953,11210.52,10761.26,10577.63,39825.95471,7/1/19
1562025600,9651,10925,10578.23,10829.18,43614.89365,7/2/19
1562112000,10829.19,12014.6,10829.19,11976.42,38216.68004,7/3/19
1562198400,11035.01,12064.26,11976.01,11136,22601.3748,7/4/19
1562284800,10761.8,11449.51,11137.87,11004.51,20737.37976,7/5/19
1562371200,10980.09,11723.6,10994.99,11237.77,15612.77822,7/6/19
1562457600,11084.31,11620,11237.77,11474.42,11293.22901,7/7/19
1562544000,11328.01,12395,11474.44,12293.53,20423.56124,7/8/19
1562630400,12105.32,12829.96,12293.39,12571.11,27431.42202,7/9/19
1562716800,11553.21,13202.63,12572.12,12097.96,41379.8432,7/10/19
1562803200,10933,12097.93,12097.48,11349,37301.32073,7/11/19
1562889600,11079.59,11950,11348.56,11802,18541.25296,7/12/19
1562976000,10814.4,11845,11797.53,11370.08,18417.60494,7/13/19
1563062400,10084.4,11467.27,11370.06,10185.03,25829.61014,7/14/19
1563148800,9857.27,11080.01,10190.91,10854.47,34137.37304,7/15/19
1563235200,9350,11040,10856.41,9422.72,43610.38149,7/16/19
1563321600,9071,9998,9429.8,9696.31,35319.41093,7/17/19
1563408000,9291,10799,9696.39,10649.07,33044.50124,7/18/19
1563494400,10111,10777.21,10652.76,10538.06,19729.47932,7/19/19
1563580800,10360.65,11112.31,10536.92,10761.03,18390.49213,7/20/19
1563667200,10320,10835,10761.03,10590.7,11939.86554,7/21/19
1563753600,10060,10688.14,10590.71,10323.39,15798.92794,7/22/19
1563840000,9800.23,10324.28,10324.13,9840.12,18060.88989,7/23/19
1563926400,9507.38,9919.08,9848.9,9772.6,18264.50732,7/24/19
1564012800,9734.58,10184.99,9772.59,9883.33,13297.26757,7/25/19
1564099200,9657.21,9898.03,9880.86,9843,10732.61029,7/26/19
1564185600,9292,10248.41,9843,9479.98,18982.08417,7/27/19
1564272000,9108.88,9669.11,9469.37,9533,10054.74987,7/28/19
1564358400,9356.75,9729.87,9533,9495.01,10565.16662,7/29/19
1564444800,9371.96,9839.83,9499.21,9589.01,9411.162671,7/30/19
1564531200,9570.01,10135.12,9589.01,10087.3,12849.73773,7/31/19
1564617600,9881,10497,10089.97,10405.94,14432.56956,8/1/19
1564704000,10321.42,10670,10404.41,10533.01,13217.84401,8/2/19
1564790400,10500,10922.08,10533.62,10820.76,10082.35714,8/3/19
1564876800,10572,11089.74,10822.09,10977.51,11813.67389,8/4/19
1564963200,10977.98,11950,10977.98,11819.49,23345.1963,8/5/19
1565049600,11187,12320.4,11811.75,11465.49,24773.04937,8/6/19
1565136000,11366.26,12147,11465.49,11975.03,22145.4873,8/7/19
1565222400,11451,12050,11983.41,11981,14887.10999,8/8/19
1565308800,11651.89,12040,11982.39,11856.1,11774.51897,8/9/19
1565395200,11170,11969.99,11860.62,11280.95,13852.24742,8/10/19
1565481600,11088.88,11585,11280.95,11540.76,7329.589365,8/11/19
1565568000,11222.4,11555.55,11540.76,11389.28,6095.281815,8/12/19
1565654400,10746,11438.39,11389.25,10854.92,12500.34296,8/13/19
1565740800,9888.88,10859.97,10854.92,10025.86,24889.57723,8/14/19
1565827200,9470,10445,10021.13,10300.01,27939.82663,8/15/19
1565913600,9739.99,10539.9,10300.01,10352.78,19532.59597,8/16/19
1566000000,9978,10475.82,10352.78,10217.79,7307.997894,8/17/19
1566086400,10066.66,10513.45,10217.99,10315.48,6794.784375,8/18/19
1566172800,10265,10938.76,10315.48,10920,12220.3862,8/19/19
1566259200,10555.7,10953,10917.94,10769.09,8820.936223,8/20/19
1566345600,9841.59,10800,10768.49,10130,17445.28745,8/21/19
1566432000,9759,10237.53,10133.34,10107.15,10912.33837,8/22/19
1566518400,10035.84,10478,10105.61,10410.85,9413.532183,8/23/19
1566604800,9886.26,10429,10413.45,10147.96,7987.207957,8/24/19
1566691200,9899.95,10374.85,10148,10138.72,7288.064236,8/25/19
1566777600,10140.9,10680,10142,10361.65,14125.38101,8/26/19
1566864000,10019.56,10379.87,10361.65,10171.85,7514.287665,8/27/19
1566950400,9522.93,10277,10171.95,9714.31,17637.06892,8/28/19
1567036800,9321.73,9717.03,9714.01,9495,14421.69717,8/29/19
1567123200,9337.97,9699,9494.8,9582.42,8734.150844,8/30/19
1567209600,9436.2,9707.48,9582.42,9600.86,4057.202029,8/31/19
1567296000,9539.58,9840,9600.86,9766.52,4200.850382,9/1/19
1567382400,9756.54,10486.77,9766.62,10381.26,11794.06049,9/2/19
1567468800,10280,10790,10381.26,10628.48,15518.02066,9/3/19
1567555200,10380,10833.14,10628.48,10581.84,12180.82547,9/4/19
1567641600,10452.15,10666.43,10581.84,10574.73,7432.478829,9/5/19
1567728000,10182,10939.34,10574.28,10308.92,15732.60471,9/6/19
1567814400,10304.52,10580,10308.9,10484.37,4381.36082,9/7/19
1567900800,10231.13,10595,10484.37,10398.97,4915.565852,9/8/19
1567987200,10059.99,10541.75,10401.13,10310,9745.072718,9/9/19
1568073600,9916,10389.26,10310.01,10093.01,8098.575744,9/10/19
1568160000,9851.97,10297.12,10093,10160.2,8374.040035,9/11/19
1568246400,10040,10460,10158.81,10423.72,7625.249678,9/12/19
1568332800,10157,10452.5,10423.85,10365.93,6909.034833,9/13/19
1568419200,10223.36,10439,10365.94,10360.25,4470.315454,9/14/19
1568505600,10263.39,10380,10360.01,10304.46,2745.265284,9/15/19
1568592000,10068.42,10379.98,10303.66,10262.54,7785.727148,9/16/19
1568678400,10135.44,10276.18,10262.54,10185.39,5716.082223,9/17/19
1568764800,10074.08,10258,10185.42,10155.26,5627.5814,9/18/19
1568851200,9585.86,10379.15,10156.22,10275.01,15625.02434,9/19/19
1568937600,10056.3,10309.84,10275.01,10168.85,6183.917923,9/20/19
1569024000,9917.34,10170.15,10168.85,9973.99,5043.079514,9/21/19
1569110400,9848.37,10097,9973.99,10026.8,5276.95241,9/22/19
1569196800,9609.37,10051.15,10026.79,9693.74,11355.88879,9/23/19
1569283200,8159.35,9777.16,9693.74,8530.01,38736.22615,9/24/19
1569369600,8222.01,8743.86,8530.01,8438.35,23524.43263,9/25/19
1569456000,7712.45,8464.08,8438.35,8060,27664.78946,9/26/19
1569542400,7861.02,8290,8060,8193.99,15914.66412,9/27/19
1569628800,8015.25,8343,8193.99,8217.47,9039.552005,9/28/19
1569715200,7902.96,8246.87,8217.47,8052.4,7142.369163,9/29/19
1569801600,7701,8393.23,8054.09,8304.96,15142.6195,9/30/19
1569888000,8200,8535,8304.95,8321.52,12266.35797,10/1/19
1569974400,8168.85,8391,8321.87,8381.72,7016.971952,10/2/19
1570060800,8059.22,8419.95,8381.72,8240.41,7778.118423,10/3/19
1570147200,8002.21,8241.35,8241.27,8156.67,7715.280102,10/4/19
1570233600,8020.2,8200,8156.68,8147.63,3826.828707,10/5/19
1570320000,7780.85,8176.18,8147.63,7859.79,8697.93976,10/6/19
1570406400,7762.35,8310.57,7859.79,8209,10012.00725,10/7/19
1570492800,8107.26,8342.97,8208.99,8180,5857.540214,10/8/19
1570579200,8121,8712.45,8180,8590,14459.77769,10/9/19
1570665600,8452.5,8660,8590.01,8587.5,7908.669888,10/10/19
1570752000,8226,8826,8587.49,8267.33,12446.84471,10/11/19
1570838400,8261.46,8425,8263.02,8309.03,3046.40451,10/12/19
1570924800,8146.47,8469.02,8309.03,8282.97,5858.039816,10/13/19
1571011200,8215.66,8409,8282.96,8355,4462.49313,10/14/19
1571097600,8085.65,8420,8355,8162.44,8558.56828,10/15/19
1571184000,7908.86,8171.59,8162.44,7993.54,8489.995465,10/16/19
1571270400,7937.01,8124.42,7995.81,8076.2,4909.270396,10/17/19
1571356800,7814.08,8117.77,8076.94,7954.16,7071.355986,10/18/19
1571443200,7873.46,8099.98,7954.15,7965.28,4839.489196,10/19/19
1571529600,7875.01,8309,7965.27,8236.12,6162.048075,10/20/19
1571616000,8156,8349.84,8235.94,8209.92,6137.133122,10/21/19
1571702400,7998.9,8317.14,8209.92,8024.72,6015.867419,10/22/19
1571788800,7296.44,8049,8024,7474.85,19159.9304,10/23/19
1571875200,7359.48,7509.99,7475.54,7430.87,7972.64083,10/24/19
1571961600,7389.91,8800.1,7430.87,8668,27140.20896,10/25/19
1572048000,8645.01,10540.49,8668,9259.78,53383.40194,10/26/19
1572134400,9102.33,9826.72,9259.98,9548.84,19636.42912,10/27/19
1572220800,9180.59,9939.69,9555.89,9226.5,16736.97258,10/28/19
1572307200,9068.19,9575,9225.06,9430.8,12640.19749,10/29/19
1572393600,8991.33,9431.36,9431.36,9164.44,9862.676994,10/30/19
1572480000,8950,9433,9164.45,9159.48,8326.961918,10/31/19
1572566400,9057.27,9299.99,9159.96,9253.12,7774.271454,11/1/19
1572652800,9210,9393,9253.09,9308.52,4559.265388,11/2/19
1572739200,9068.3,9380,9308.52,9206.52,4294.500414,11/3/19
1572825600,9127,9600,9206.52,9412.53,8361.958777,11/4/19
1572912000,9169.84,9474.89,9412.63,9322.09,7581.216673,11/5/19
1572998400,9253.66,9450,9322.09,9341.27,6829.686118,11/6/19
1573084800,9075,9375.16,9341.27,9198.84,5989.360915,11/7/19
1573171200,8660,9246,9198.85,8763.01,12876.55532,11/8/19
1573257600,8712.52,8873.48,8763.01,8807.89,4175.009384,11/9/19
1573344000,8731.43,9150,8807.89,9032.23,6070.467986,11/10/19
1573430400,8590,9067.34,9032.23,8721.54,7049.928538,11/11/19
1573516800,8556.56,8870,8721.53,8810,6272.862596,11/12/19
1573603200,8705,8838.8,8811,8758.34,4486.27875,11/13/19
1573689600,8558.01,8784.61,8758.34,8630,5607.479024,11/14/19
1573776000,8361,8773.22,8630.01,8457.48,10940.91541,11/15/19
1573862400,8423,8531.03,8457.48,8481,2712.33957,11/16/19
1573948800,8371.02,8637.01,8481,8500.01,3754.244854,11/17/19
1574035200,8015,8501.01,8501,8168.84,9864.119563,11/18/19
1574121600,7980.07,8197.82,8168.84,8123.36,7360.995503,11/19/19
1574208000,8030.05,8222.41,8123.36,8082.96,5296.455662,11/20/19
1574294400,7374.5,8114.97,8082.97,7616.46,16947.01843,11/21/19
1574380800,6775.47,7720,7616.48,7283.03,33676.50951,11/22/19
1574467200,7102.21,7361.41,7283.19,7329.29,7728.42399,11/23/19
1574553600,6865,7344,7329.29,6908.64,10695.00789,11/24/19
1574640000,6526,7379.99,6908.64,7127.01,27124.48255,11/25/19
1574726400,7021.84,7340.59,7127.01,7162.67,11857.43287,11/26/19
1574812800,6850,7678.76,7162.67,7523.72,19213.98365,11/27/19
1574899200,7370.62,7660.82,7524.73,7432.41,8646.637005,11/28/19
1574985600,7411,7870.1,7432.41,7760,10862.78844,11/29/19
1575072000,7453,7820,7759.99,7555.92,6130.425664,11/30/19
1575158400,7237.16,7555.92,7555.92,7404.27,8692.587803,12/1/19
1575244800,7157.33,7430,7405.33,7305.01,7029.95626,12/2/19
1575331200,7237.26,7412.85,7305.01,7302.94,6169.039652,12/3/19
1575417600,7080,7775,7302.94,7198.99,16490.16549,12/4/19
1575504000,7152.78,7489.87,7199,7393.54,9248.376584,12/5/19
1575590400,7305.75,7609.5,7393.55,7540.08,9346.340069,12/6/19
1575676800,7487,7643,7541.76,7502.19,4876.338563,12/7/19
1575763200,7387.5,7580.84,7502.2,7520,4243.528167,12/8/19
1575849600,7262.87,7659.38,7520,7337.51,10252.89332,12/9/19
1575936000,7156.03,7398,7337.51,7219.37,7187.105591,12/10/19
1576022400,7124.45,7263.31,7219.37,7201.23,5951.559394,12/11/19
1576108800,7075.01,7298.5,7201.24,7185.91,8578.072251,12/12/19
1576195200,7183.29,7299.21,7185.91,7249.9,6119.053461,12/13/19
1576281600,7008.03,7264.33,7249.9,7062.91,4334.040505,12/14/19
1576368000,7006.01,7220.01,7062.92,7111,4905.194421,12/15/19
1576454400,6803.24,7137,7111,6877.03,13170.13695,12/16/19
1576540800,6556,6933.21,6877.04,6616.62,14047.39778,12/17/19
1576627200,6430,7448.24,6616.62,7285.53,23097.53224,12/18/19
1576713600,7044.45,7371.7,7288.05,7149.12,10503.10732,12/19/19
1576800000,7073.66,7220,7149.13,7190,6020.2269,12/20/19
1576886400,7099.57,7190,7190,7143.01,3423.261908,12/21/19
1576972800,7125,7521.55,7143.01,7513.06,10202.17603,12/22/19
1577059200,7259.19,7688.99,7514.74,7310.79,15139.33988,12/23/19
1577145600,7151.08,7426.15,7310.79,7255.01,7797.313517,12/24/19
1577232000,7115.5,7265.12,7255.01,7192.12,3299.65944,12/25/19
1577318400,7140,7432.1,7192.12,7194.13,7669.032901,12/26/19
1577404800,7053.32,7254,7194.13,7245.83,8492.976036,12/27/19
1577491200,7232.55,7346,7245.83,7302.67,4621.761363,12/28/19
1577577600,7278.07,7531,7302.67,7384.89,6557.312295,12/29/19
1577664000,7200,7386.28,7384.57,7218,7347.220883,12/30/19
1577750400,7111,7298.67,7218.01,7165.72,6755.968835,12/31/19
1577836800,7136.05,7238.14,7165.72,7174.33,3350.630049,1/1/20
1577923200,6903,7186.18,7174.33,6945.02,8010.927387,1/2/20
1578009600,6854.67,7401.2,6945.02,7334.45,14056.39238,1/3/20
1578096000,7263.32,7398,7334.45,7348.63,4742.46621,1/4/20
1578182400,7312.22,7488.87,7348.63,7355.4,5942.014946,1/5/20
1578268800,7343.17,7805,7355.4,7764.63,11770.42968,1/6/20
1578355200,7723,8216,7764.63,8158.52,19857.45755,1/7/20
1578441600,7845,8469.39,8160.01,8045.51,23927.67533,1/8/20
1578528000,7744.48,8048.67,8047.75,7813.78,9477.659838,1/9/20
1578614400,7671,8199.77,7813.78,8198.09,13419.69851,1/10/20
1578700800,8000.01,8290,8198.09,8020,7557.368793,1/11/20
1578787200,7963.25,8185,8017.47,8180.81,3920.740098,1/12/20
1578873600,8041.95,8195.81,8180.81,8104.5,6678.028403,1/13/20
1578960000,8105.23,8893.69,8105.6,8815.69,27075.80822,1/14/20
1579046400,8550,8900,8812.58,8808.81,14977.61979,1/15/20
1579132800,8580,8850,8808.81,8714.76,9265.764235,1/16/20
1579219200,8665.67,9013,8714.77,8899.42,15447.36513,1/17/20
1579305600,8800.1,8980,8899.42,8909.32,5600.218278,1/18/20
1579392000,8465,9194.99,8908.95,8697.53,15218.51476,1/19/20
1579478400,8504.06,8734.84,8697.53,8628.89,5605.805614,1/20/20
1579564800,8465,8774.31,8628.89,8722.03,7520.65103,1/21/20
1579651200,8565,8791.76,8722.03,8660.38,5481.369608,1/22/20
1579737600,8278,8665,8660.38,8385.22,12206.24491,1/23/20
1579824000,8216.71,8509.99,8385.21,8427.26,8634.967923,1/24/20
1579910400,8252.73,8437.76,8427.58,8326.81,3783.208317,1/25/20
1579996800,8278.68,8595,8326.8,8595,5497.32294,1/26/20
1580083200,8556.6,8985,8595,8895.96,9548.60475,1/27/20
1580169600,8880.87,9418.91,8895.95,9394.5,17578.54006,1/28/20
1580256000,9224.75,9439.83,9391.14,9288.44,12233.05064,1/29/20
1580342400,9171.11,9574.68,9287.9,9503.08,12948.39767,1/30/20
1580428800,9195.49,9522.5,9502.71,9334.98,9719.061315,1/31/20
1580515200,9285.01,9458.08,9334.98,9380.18,4387.419862,2/1/20
1580601600,9140,9480,9380.18,9323.5,7307.922915,2/2/20
1580688000,9220,9619.95,9325.01,9280.49,11910.28573,2/3/20
1580774400,9078.05,9350,9280.49,9164.33,8190.748987,2/4/20
1580860800,9150,9769.7,9164.33,9613.82,13267.06194,2/5/20
1580947200,9521.47,9857,9613.91,9763.01,12672.13678,2/6/20
1581033600,9713.99,9885,9763.01,9808.05,8516.628405,2/7/20
1581120000,9653.47,9955,9807.92,9905.64,8100.971123,2/8/20
1581206400,9888.76,10178.91,9905.64,10168.35,9649.749387,2/9/20
1581292800,9736,10199,10168.36,9851.78,13249.58715,2/10/20
1581379200,9706,10400,9851.78,10270.01,16722.06582,2/11/20
1581465600,10250,10483.86,10270.01,10351.13,13740.98485,2/12/20
1581552000,10083.1,10522.51,10351.13,10236.49,17101.28535,2/13/20
1581638400,10102.5,10395.66,10236.49,10371.33,8026.496207,2/14/20
1581724800,9750,10400,10371.33,9911.22,12323.2886,2/15/20
1581811200,9612.12,10048.34,9911.22,9921,9430.328879,2/16/20
1581897600,9467,9969.38,9920.52,9700,10144.62802,2/17/20
1581984000,9610.27,10298.25,9700,10188.04,11606.56133,2/18/20
1582070400,9280.98,10315,10188.04,9600.08,16637.05015,2/19/20
1582156800,9393.39,9698.1,9593.48,9610.05,12382.01006,2/20/20
1582243200,9566.98,9769.66,9610.05,9695.66,7073.366177,2/21/20
1582329600,9575.01,9722.97,9695.66,9668.23,3301.243628,2/22/20
1582416000,9667.13,10025.66,9668.23,9965.01,5631.937285,2/23/20
1582502400,9474.74,10030,9965,9660,11274.83221,2/24/20
1582588800,9230,9681.56,9660,9305,9370.804061,2/25/20
1582675200,8602,9375.36,9304.99,8778.3,21610.4629,2/26/20
1582761600,8520,8972.92,8778.3,8812.49,14781.0202,2/27/20
1582848000,8428.8,8899.94,8814.9,8708.89,13643.2859,2/28/20
1582934400,8520.67,8799,8708.61,8525.07,5142.708305,2/29/20
1583020800,8400,8752.34,8523.33,8522.31,7353.139605,3/1/20
1583107200,8487.33,8973.45,8522.3,8915,10216.69254,3/2/20
1583193600,8635.31,8927.45,8919.21,8757.84,9152.706927,3/3/20
1583280000,8670.57,8847,8757.83,8760.66,5688.585097,3/4/20
1583366400,8759.99,9174.24,8759.99,9070.17,10073.31421,3/5/20
1583452800,9000.01,9182.08,9070.18,9158.51,6422.128853,3/6/20
1583539200,8850.47,9214.67,9158.51,8901.37,6478.253345,3/7/20
1583625600,8002.2,8901.37,8901.36,8037.76,16591.9141,3/8/20
1583712000,7630,8187.03,8037.73,7934.52,25563.61417,3/9/20
1583798400,7733.56,8158.25,7934.56,7894.68,17172.4713,3/10/20
1583884800,7583.27,7987.97,7894.68,7938.05,13647.86514,3/11/20
1583971200,4644,7969.45,7938.05,4857.1,113902.2033,3/12/20
1584057600,3858,5995,4857.1,5637.6,130316.6468,3/13/20
1584144000,5050,5669,5630.93,5165.25,32760.12278,3/14/20
1584230400,5085.91,5985,5161.16,5345.35,43763.76237,3/15/20
1584316800,4432.3,5350.3,5346.86,5037.61,80184.03685,3/16/20
1584403200,4935.6,5569.44,5039.95,5331.71,44347.15487,3/17/20
1584489600,5001,5452.82,5331.71,5413.64,37513.03523,3/18/20
1584576000,5261.69,6441.37,5413.88,6186.26,54666.67461,3/19/20
1584662400,5657,6990,6183.82,6206.1,53024.40104,3/20/20
1584748800,5851,6470,6210.47,6198.78,23514.96654,3/21/20
1584835200,5738,6420,6198.64,5818.25,28089.48698,3/22/20
1584921600,5678.2,6641.03,5815.24,6490.63,42437.9707,3/23/20
1585008000,6403.16,6866.1,6493.58,6766.64,40618.19871,3/24/20
1585094400,6470,6983.31,6766,6690.96,31266.36828,3/25/20
1585180800,6520.13,6795,6691.71,6758.18,17456.11705,3/26/20
1585267200,6260,6880,6760,6372.36,20458.24402,3/27/20
1585353600,6030,6372.36,6372.36,6251.82,20353.87485,3/28/20
1585440000,5870.46,6279.96,6251.45,5877.21,16111.23638,3/29/20
1585526400,5853,6631.23,5878.98,6406.4,23659.80264,3/30/20
1585612800,6333.91,6524.79,6406.4,6424.35,11939.02533,3/31/20
1585699200,6160,6744.99,6424.02,6666.11,17900.25086,4/1/20
1585785600,6570.92,7292.11,6666.11,6804.52,28761.00804,4/2/20
1585872000,6606.06,7050,6804.24,6741.99,14953.17964,4/3/20
1585958400,6658.16,7025.53,6741.99,6874.77,10217.67908,4/4/20
1586044800,6681,6925,6874.77,6778.25,8962.910598,4/5/20
1586131200,6773.28,7373.37,6778.64,7341.56,27992.01319,4/6/20
1586217600,7073,7466,7341.55,7200.01,22743.06622,4/7/20
1586304000,7154.22,7430,7200.01,7370.11,15429.12192,4/8/20
1586390400,7110,7377,7370.38,7293.24,12369.84268,4/9/20
1586476800,6750,7305.91,7293.23,6871.91,19671.19021,4/10/20
1586563200,6775,6955,6871.83,6889.65,8066.075369,4/11/20
1586649600,6787.44,7200,6889.78,6908.13,12733.98839,4/12/20
1586736000,6555,6908.13,6908.12,6861.21,22323.76662,4/13/20
1586822400,6771.41,6997.38,6860.51,6877.37,12868.60616,4/14/20
1586908800,6605.89,6940,6876.92,6624.12,14753.81361,4/15/20
1586995200,6456,7217.27,6623.62,7112.64,28117.55708,4/16/20
1587081600,7000,7156.66,7114.76,7037.46,13514.57644,4/17/20
1587168000,7021,7308,7036.45,7261.76,11510.52117,4/18/20
1587254400,7063.02,7275,7262.04,7130.71,8887.888751,4/19/20
1587340800,6748.72,7227.11,7130.7,6838.19,18396.60556,4/20/20
1587427200,6776,6959,6837.22,6853.68,14467.84249,4/21/20
1587513600,6826,7167.37,6853.67,7136.84,13141.14072,4/22/20
1587600000,7031.14,7775,7136.81,7488.83,22759.36482,4/23/20
1587686400,7390,7612.24,7491.5,7514.64,13764.56695,4/24/20
1587772800,7437.94,7720,7514.99,7547.61,7443.796196,4/25/20
1587859200,7490,7715,7547.61,7706.4,9292.640777,4/26/20
1587945600,7635.69,7810.99,7706.4,7789.77,15455.73612,4/27/20
1588032000,7672,7794.74,7789.77,7755.01,10984.76644,4/28/20
1588118400,7720,8988,7757.18,8793.75,48689.7503,4/29/20
1588204800,8407,9478.66,8794.99,8624.28,44843.96468,4/30/20
1588291200,8622.72,9075.98,8624.68,8829.42,21660.21989,5/1/20
1588377600,8762.01,9025,8829.42,8985.58,10539.26529,5/2/20
1588464000,8731.01,9203.52,8984.69,8909.95,17147.65372,5/3/20
1588550400,8533.98,8970,8907.85,8883.53,18380.62654,5/4/20
1588636800,8769.69,9126.27,8887.81,9028.79,16392.29937,5/5/20
1588723200,8922.13,9418,9028.78,9155.79,27650.87868,5/6/20
1588809600,9028.89,10079,9155.79,10004.77,39447.57512,5/7/20
1588896000,9730,10049,10000.37,9810,26363.71689,5/8/20
1588982400,9521,9920.73,9810.01,9537.21,17931.17486,5/9/20
1589068800,8106.7,9559.98,9537.21,8729.86,50909.8443,5/10/20
1589155200,8185,9182.66,8729.86,8572.4,39999.37731,5/11/20
1589241600,8534.85,8982.9,8572.4,8821.42,20219.23699,5/12/20
1589328000,8803.97,9420.18,8821.41,9321.26,21357.63023,5/13/20
1589414400,9257.15,9943.93,9320.85,9795.34,28752.36042,5/14/20
1589500800,9120,9849,9795.34,9312.1,25180.97967,5/15/20
1589587200,9215.01,9594.99,9312.1,9383.16,10782.32774,5/16/20
1589673600,9325.81,9896,9380.01,9676.63,13540.66294,5/17/20
1589760000,9436.97,9957.25,9677.45,9728.52,17710.29958,5/18/20
1589846400,9463.22,9898,9728.52,9783.76,15229.62611,5/19/20
1589932800,9294.54,9836.99,9783.57,9509.41,16895.54925,5/20/20
1590019200,8800,9568,9509.4,9061.96,28081.22891,5/21/20
1590105600,8923.5,9267.34,9059.32,9168.84,13731.91887,5/22/20
1590192000,9090.11,9313.83,9168.84,9181.76,6878.847917,5/23/20
1590278400,8680.7,9306.23,9181.09,8715.73,13004.34568,5/24/20
1590364800,8632.93,8977,8715.69,8899.31,12328.24204,5/25/20
1590451200,8694.23,9016.99,8900,8844.42,11507.43098,5/26/20
1590537600,8811.46,9230,8844.41,9208.53,10936.67835,5/27/20
1590624000,9112,9625,9208.53,9580.19,14511.07649,5/28/20
1590710400,9330.01,9609.02,9580.01,9423.84,10415.42644,5/29/20
1590796800,9326.43,9764,9423.85,9700.33,10509.69815,5/30/20
1590883200,9369.58,9705.6,9700.32,9446.57,7944.716693,5/31/20
1590969600,9417.42,10428,9445.83,10208.96,21676.60829,6/1/20
1591056000,9270,10237.6,10208.96,9522.46,33220.58269,6/2/20
1591142400,9385.22,9695,9521.53,9668.07,11446.72194,6/3/20
1591228800,9450,9888,9668.06,9788.03,12441.27299,6/4/20
1591315200,9585.44,9855,9791.96,9613.21,12495.89786,6/5/20
1591401600,9526.03,9735.13,9613.42,9671.7,6501.317317,6/6/20
1591488000,9370,9822,9670.28,9750.12,11628.94528,6/7/20
1591574400,9632.79,9815,9750.12,9781.51,8533.836149,6/8/20
1591660800,9567.33,9886,9781.51,9779.41,10329.87715,6/9/20
1591747200,9690,10018.67,9779.7,9894.04,12965.42597,6/10/20
1591833600,9050,9973.25,9894.35,9268.16,26779.87939,6/11/20
1591920000,9227,9552.87,9268.16,9464.17,10992.51648,6/12/20
1592006400,9346,9494.45,9464.71,9475,4581.792063,6/13/20
1592092800,9240,9481,9475,9325,4829.797263,6/14/20
1592179200,8895.01,9499,9328.63,9432.53,18589.28587,6/15/20
1592265600,9381,9592.04,9432.57,9526.25,10345.29527,6/16/20
1592352000,9227.03,9558.48,9526.25,9457.51,8937.926232,6/17/20
1592438400,9267.18,9482.66,9457.51,9376.14,6300.566491,6/18/20
1592524800,9229,9430,9376.14,9301.91,7871.963748,6/19/20
1592611200,9161,9391.71,9300.42,9355.74,6900.609341,6/20/20
1592697600,9273,9419.35,9355.74,9286.14,3088.668499,6/21/20
1592784000,9267.58,9792,9286.14,9690.74,11775.73859,6/22/20
1592870400,9572.22,9724.53,9690.67,9623.56,7946.973557,6/23/20
1592956800,9195,9663.38,9623.56,9285.91,13410.75869,6/24/20
1593043200,8979.07,9335,9285.94,9243.51,13529.05627,6/25/20
1593129600,9027.62,9291.73,9242.98,9155.42,10702.37319,6/26/20
1593216000,8815.01,9188.14,9155.42,9002.46,8507.26841,6/27/20
1593302400,8931.77,9189,9002.38,9113.24,5537.757506,6/28/20
1593388800,9014,9236.75,9113.23,9184.45,8658.426725,6/29/20
1593475200,9059.6,9201,9188.79,9136.2,6820.867409,6/30/20
1593561600,9088,9297.2,9135.91,9239.97,7550.159997,7/1/20
1593648000,8938,9265,9239.41,9091.53,10774.18559,7/2/20
1593734400,9036.74,9126.12,9091.98,9063.87,7738.469721,7/3/20
1593820800,9039.84,9195.84,9059.73,9138.51,5300.788233,7/4/20
1593907200,8905.84,9145,9138.51,9074.39,4601.326459,7/5/20
1593993600,9061.59,9375.9,9074.37,9343.31,9959.282002,7/6/20
1594080000,9201.57,9379.34,9343.31,9253.94,6326.838654,7/7/20
1594166400,9232.2,9475,9253.94,9435.28,10135.31537,7/8/20
1594252800,9154.79,9446.62,9435.28,9236.95,8450.141101,7/9/20
1594339200,9118,9322.23,9236.95,9291.05,6892.470611,7/10/20
1594425600,9182.35,9303.04,9291.04,9235,3369.217287,7/11/20
1594512000,9159.33,9347.53,9235,9303.37,5419.213577,7/12/20
1594598400,9193.52,9339.61,9303.38,9236.92,8698.436188,7/13/20
1594684800,9100,9280,9236.91,9256.94,7497.563092,7/14/20
1594771200,9154.01,9273.98,9256.94,9190.16,7196.328663,7/15/20
1594857600,9005,9216.02,9190.8,9130.11,8765.698589,7/16/20
1594944000,9054.99,9182.99,9130.93,9154.29,6423.747162,7/17/20
1595030400,9122.65,9210,9154.29,9175.85,4121.626974,7/18/20
1595116800,9105.37,9245.03,9175.83,9212.87,3520.072476,7/19/20
1595203200,9131,9223.51,9214.01,9161.05,5815.330842,7/20/20
1595289600,9157.04,9438,9161.05,9394.14,9603.915113,7/21/20
1595376000,9277,9567.77,9394.14,9536.18,10362.35265,7/22/20
1595462400,9450.04,9686,9536.2,9613.24,12992.97192,7/23/20
1595548800,9475.7,9645.55,9613.24,9551.21,9798.893466,7/24/20
1595635200,9536.64,9747.76,9551.21,9711.33,6973.110894,7/25/20
1595721600,9661.35,10150,9711.79,9941,11615.04609,7/26/20
1595808000,9935,11420,9941,11048.91,41850.5731,7/27/20
1595894400,10575,11259,11048.05,10934.23,26011.37514,7/28/20
1595980800,10843.47,11350,10934.22,11110.12,18556.27794,7/29/20
1596067200,10811,11188.65,11108.16,11115.95,12408.70411,7/30/20
1596153600,10975,11460,11115.99,11351.62,15747.02175,7/31/20
1596240000,11237.82,11888,11351.61,11810.07,18293.12524,8/1/20
1596326400,10546.15,12134.29,11810.07,11068.54,28118.42911,8/2/20
1596412800,10911.74,11486.6,11067.46,11233.13,13783.34037,8/3/20
1596499200,11006.16,11417.11,11233.16,11197.04,12074.47851,8/4/20
1596585600,11073.7,11798.87,11197.05,11756.75,16637.78082,8/5/20
1596672000,11580.19,11916.68,11756.75,11773.89,18053.08147,8/6/20
1596758400,11350,11920,11773.89,11606.52,23761.51075,8/7/20
1596844800,11529.45,11818.18,11606.52,11774.98,7315.884561,8/8/20
1596931200,11532.04,11810.24,11773.24,11688.48,7595.961065,8/9/20
1597017600,11470.01,12086.22,11688.25,11899.73,22152.58894,8/10/20
1597104000,11120,11943,11899.87,11388.53,20706.60992,8/11/20
1597190400,11148.54,11625,11388.88,11566.45,12809.98918,8/12/20
1597276800,11274.14,11802.09,11566.44,11795.95,15369.40393,8/13/20
1597363200,11651.24,11865.97,11795.95,11779,13797.82,8/14/20
1597449600,11688,11989.98,11777.5,11859.24,12567.03859,8/15/20
1597536000,11686.53,11940,11860.02,11918.84,8911.253979,8/16/20
1597622400,11775,12486.61,11918.84,12304.26,23814.6605,8/17/20
1597708800,11825,12400,12303.98,11950,18628.91288,8/18/20
1597795200,11569,12024.83,11954.22,11758.87,16646.31489,8/19/20
1597881600,11671.48,11892.16,11758.87,11864.26,8801.177503,8/20/20
1597968000,11480,11884.99,11864.26,11529.22,14865.37876,8/21/20
1598054400,11370,11693.16,11529.99,11672.93,7946.024653,8/22/20
1598140800,11525.62,11715,11672.92,11650.01,5516.170482,8/23/20
1598227200,11592.91,11823.62,11650.01,11753.85,7253.019226,8/24/20
1598313600,11102.73,11769.76,11753.26,11324.92,14348.63533,8/25/20
1598400000,11254.89,11539.99,11324.92,11463.27,9124.554185,8/26/20
1598486400,11125,11597.92,11463.27,11330.06,13517.39421,8/27/20
1598572800,11282.09,11550.51,11330.56,11535,10373.8959,8/28/20
1598659200,11422.21,11580,11535,11474.31,5417.541462,8/29/20
1598745600,11463.87,11720,11474.3,11716.01,5594.225824,8/30/20
1598832000,11576,11784.66,11716,11655,9123.593537,8/31/20
1598918400,11525.09,12086,11655,11924.22,16057.64432,9/1/20
1599004800,11160,11950,11924.22,11395.48,19721.44317,9/2/20
1599091200,10005,11474.99,11395.49,10172.52,30364.24398,9/3/20
1599177600,9895.22,10638.34,10172.13,10500.05,23366.46468,9/4/20
1599264000,9813,10564.8,10500.05,10168.36,22450.75808,9/5/20
1599350400,10000,10358.88,10169.58,10257.86,9516.193032,9/6/20
1599436800,9880,10410.9,10258.67,10375,11996.92866,9/7/20
1599523200,9819.83,10440.91,10375,10125.69,15768.31018,9/8/20
1599609600,9983.34,10349.99,10126.41,10224.56,9645.504092,9/9/20
1599696000,10216.41,10489,10224.56,10343.23,11237.01908,9/10/20
1599782400,10200,10411.44,10344.24,10394.41,7200.291562,9/11/20
1599868800,10276.19,10483.23,10394.41,10446.52,6495.300336,9/12/20
1599955200,10211,10582.36,10446.52,10336.76,10442.19361,9/13/20
1600041600,10253,10760.62,10336.76,10679.95,13532.95018,9/14/20
1600128000,10613.18,10950,10678.41,10783.75,12634.32929,9/15/20
1600214400,10662.02,11099.95,10783.36,10959.61,11003.7013,9/16/20
1600300800,10735.55,11044,10957.06,10943.61,8885.449065,9/17/20
1600387200,10813,11039.88,10943.99,10937.52,8660.059472,9/18/20
1600473600,10891.78,11179.9,10937.5,11080,5718.022118,9/19/20
1600560000,10759.37,11081.37,11081.09,10920.89,6003.785091,9/20/20
1600646400,10180,10994,10920.94,10416.82,15004.71121,9/21/20
1600732800,10355,10576.82,10416.83,10531.13,7904.256424,9/22/20
1600819200,10135.22,10541.25,10531.13,10235.1,8893.242336,9/23/20
1600905600,10192.56,10795.87,10237.41,10740.01,9678.393498,9/24/20
1600992000,10551,10765.07,10740,10690.53,9690.62761,9/25/20
1601078400,10654.58,10828,10690.53,10730,3783.3974,9/26/20
1601164800,10595.24,10806.32,10730,10778.2,3880.036861,9/27/20
1601251200,10621.22,10956.11,10779,10695.55,8876.061568,9/28/20
1601337600,10636.13,10860.79,10694.9,10840.73,8200.782653,9/29/20
1601424000,10657.04,10847,10839.98,10779.63,6318.529438,9/30/20
1601510400,10427.75,10931.98,10779.63,10617.63,12848.73637,10/1/20
1601596800,10363.76,10668.56,10616.35,10573.12,10263.4829,10/2/20
1601683200,10498.02,10606.36,10573.12,10551.65,3211.704593,10/3/20
1601769600,10521.87,10697,10550.32,10671.11,3569.256202,10/4/20
1601856000,10621.12,10800,10670.01,10795,6081.387019,10/5/20
1601942400,10524,10800,10796.97,10602.66,7596.36372,10/6/20
1602028800,10546.78,10683.75,10601.2,10670.47,6108.042551,10/7/20
1602115200,10532.11,10963.16,10670.47,10933.09,11301.25106,10/8/20
1602201600,10834.49,11111.11,10932.44,11057.07,10098.39916,10/9/20
1602288000,11055.75,11498.98,11057.07,11299.5,9312.759165,10/10/20
1602374400,11276.28,11444.25,11299.52,11374.01,5163.464757,10/11/20
1602460800,11187.6,11736.02,11374.01,11535.46,11056.91558,10/12/20
1602547200,11312.59,11561.45,11535.46,11428.22,8639.212772,10/13/20
1602633600,11290.83,11556.37,11428.22,11427.7,7078.701529,10/14/20
1602720000,11263.15,11641.38,11427.7,11509.34,8538.520396,10/15/20
1602806400,11201,11550.01,11509.31,11328.95,9505.266154,10/16/20
1602892800,11264.75,11421,11328.27,11367.89,3586.145522,10/17/20
1602979200,11350.37,11523,11367.9,11514.2,4352.094991,10/18/20
1603065600,11416.04,11833,11514.2,11760.45,10313.23447,10/19/20
1603152000,11685,12050,11760.45,11923.83,13840.02481,10/20/20
1603238400,11900.01,13250.04,11923.07,12808,32404.63293,10/21/20
1603324800,12698.02,13200,12808.01,12987.02,20337.78966,10/22/20
1603411200,12722.72,13037,12988.2,12937.09,10450.87207,10/23/20
1603497600,12884.31,13175,12938,13126.24,7915.346635,10/24/20
1603584000,12890.76,13361,13126.34,13045,9276.177199,10/25/20
1603670400,12785,13250,13045.02,13068.79,12275.35826,10/26/20
1603756800,13061.28,13793.72,13068.79,13698.18,17267.43968,10/27/20
1603843200,12891.57,13863.87,13740.85,13281.05,21073.37668,10/28/20
1603929600,12976.29,13650,13281.06,13460,15796.07668,10/29/20
1604016000,13131.31,13687.82,13460,13571.51,15664.29048,10/30/20
1604102400,13424.73,14098.92,13571.51,13804.81,12166.3043,10/31/20
1604188800,13630.05,13906.74,13803.69,13771.59,6252.006195,11/1/20
1604275200,13215,13840,13771.7,13563.22,12191.83071,11/2/20
1604361600,13290,14081.45,13563.22,14035.8,13965.78813,11/3/20
1604448000,13530.01,14273.6,14034.35,14161.48,16894.77787,11/4/20
1604534400,14115,15775,14165.86,15608.21,31865.97472,11/5/20
1604620800,15190.36,15977.67,15608.06,15599.95,25150.39253,11/6/20
1604707200,14310,15779.24,15599.95,14834.09,23552.06913,11/7/20
1604793600,14721.9,15666,14834.09,15482.9,11856.32818,11/8/20
1604880000,14817.14,15856.9,15482.89,15342.25,21951.27613,11/9/20
1604966400,15090.08,15481.06,15342.1,15315.03,13489.6751,11/10/20
1605052800,15293.04,16000,15315.46,15705.79,15257.35723,11/11/20
1605139200,15446.82,16370.89,15705.79,16310.81,22153.73849,11/12/20
1605225600,15975,16491.92,16310.81,16339.56,14593.51519,11/13/20
1605312000,15708.24,16339.6,16339.56,16082.01,9205.916488,11/14/20
1605398400,15796.09,16175.6,16082.01,15966.89,6250.079668,11/15/20
1605484800,15879,16892,15970,16726.64,13948.30524,11/16/20
1605571200,16575.42,17880,16726.49,17679.36,25230.22404,11/17/20
1605657600,17205.02,18488,17679.86,17782.91,32425.9866,11/18/20
1605744000,17356,18193.29,17790.18,17821.58,17141.49268,11/19/20
1605830400,17764.76,18830.3,17821.92,18675.25,17901.93168,11/20/20
1605916800,18350,18980,18677.84,18721.21,13604.2714,11/21/20
1606003200,17610.77,18773.56,18721.21,18437.66,15423.83816,11/22/20
1606089600,18001,18777.77,18437.18,18384.82,17655.66362,11/23/20
1606176000,18052.02,19469,18384.82,19172.84,26623.09453,11/24/20
1606262400,18502,19500,19172.9,18721.93,20485.39373,11/25/20
1606348800,16200,18915.48,18717.24,17170,48644.17078,11/26/20
1606435200,16400,17475,17169.99,17153.95,23333.9843,11/27/20
1606521600,16880,17933.25,17155.43,17739.85,13157.95197,11/28/20
1606608000,17535.26,18359,17736.1,18202.04,8932.250291,11/29/20
1606694400,18201.47,19873.23,18202.02,19713.94,27293.47919,11/30/20
1606780800,18109,19915.14,19713.94,18782.97,30442.86544,12/1/20
1606867200,18335,19340,18778.18,19225.63,16227.13637,12/2/20
1606953600,18885,19625.64,19222.45,19448.64,14648.29683,12/3/20
1607040000,18576.05,19546.46,19446.43,18658.1,16382.87739,12/4/20
1607126400,18501,19189.98,18658.09,19158.96,7082.222303,12/5/20
1607212800,18878,19430.25,19158.96,19375.6,6665.281895,12/6/20
1607299200,18901,19432.57,19375.6,19177.71,8977.451663,12/7/20
1607385600,18200,19299.51,19177.08,18316.22,15161.86263,12/8/20
1607472000,17639,18647.33,18316.22,18546.55,20667.36636,12/9/20
1607558400,17905,18556.42,18546.55,18253.44,14899.20297,12/10/20
1607644800,17580,18293.08,18257.18,18042.15,16953.63356,12/11/20
1607731200,18023.57,18955.34,18044.19,18821.28,8616.172504,12/12/20
1607817600,18730,19421.03,18821.28,19166.65,10624.20069,12/13/20
1607904000,18967.68,19349.98,19166.65,19272.37,9102.369726,12/14/20
1607990400,19051.27,19565,19272.37,19444.6,15345.21213,12/15/20
1608076800,19300,21569.94,19443.19,21359.65,33350.235,12/16/20
1608163200,21252.01,23776.94,21360.5,22826.48,53602.34952,12/17/20
1608249600,22329,23280,22826.37,23137.76,24829.23582,12/18/20
1608336000,22770,24200,23138.89,23849.99,20577.66441,12/19/20
1608422400,23100,24300,23850,23476.51,14963.41787,12/20/20
1608508800,21913.84,24118.75,23476.51,22729.4,25728.63856,12/21/20
1608595200,22380.05,23839.78,22729.4,23823.27,18597.65123,12/22/20
1608681600,22600,24090,23824.13,23228.35,23412.12172,12/23/20
1608768000,22712.89,23785,23226.18,23717.96,16440.75295,12/24/20
1608854400,23416,24770.95,23718.61,24704.71,15792.47583,12/25/20
1608940800,24490.01,26822,24704.71,26475.35,24782.44016,12/26/20
1609027200,25772.55,28387,26482.64,26258.65,33627.00746,12/27/20
1609113600,26086.19,27477,26255.16,27040.36,21265.70935,12/28/20
1609200000,25833.73,27396.77,27039.39,27366.35,20668.10434,12/29/20
1609286400,27311.73,29018.26,27366.35,28897.42,28181.49681,12/30/20
1609372800,28000,29321.9,28897.42,28990.08,28813.88691,12/31/20
1609459200,28700,29688.88,28990.08,29412.84,22211.25252,1/1/21
1609545600,29039,33300,29413.29,32225.91,46675.24652,1/2/21
1609632000,32008.62,34810,32222.88,33080.66,36951.71651,1/3/21
1609718400,27678,33666.99,33082.84,32019.99,46045.38969,1/4/21
1609804800,29891.13,34499.67,32020.22,34030.64,42282.5692,1/5/21
1609891200,33352.54,37000,34043.91,36859.26,45744.1032,1/6/21
1609977600,36200,40425,36859.26,39505.56,50346.30569,1/7/21
1610064000,36565.08,41986.37,39510.55,40665.15,48522.4849,1/8/21
1610150400,38800,41406.94,40642.15,40257.43,27152.97103,1/9/21
1610236800,34444,41452.12,40257.43,38171.57,43736.57032,1/10/21
1610323200,30100,38273.88,38168.89,35452.59,102503.1567,1/11/21
1610409600,32500,36604.51,35456.89,34038.98,48227.62752,1/12/21
1610496000,32309.04,37888,34035.53,37393.66,39608.73719,1/13/21
1610582400,36751.11,40127.66,37393.67,39125.14,31868.76049,1/14/21
1610668800,34298.93,39697,39123.05,36754.67,36421.05919,1/15/21
1610755200,35372.59,37948,36754.6,36006.94,20861.42545,1/16/21
1610841600,33850.03,36860,36004.8,35820,19182.04935,1/17/21
1610928000,34736.46,37402,35820.01,36624.23,16609.64108,1/18/21
1611014400,35895.11,37857,36624.23,35917.28,18904.77911,1/19/21
1611100800,33387.01,36415.34,35921.91,35503.09,25445.70801,1/20/21
1611187200,30011,35628.24,35498.85,30855.95,50473.11375,1/21/21
1611273600,28732,33867,30855.9,32984.93,48155.72162,1/22/21
1611360000,31432.19,33488.79,32982.66,32112.01,16139.81478,1/23/21
1611446400,30931.21,33086.53,32110,32288.56,13618.80098,1/24/21
1611532800,31920.8,34888,32293.18,32261.87,23045.66293,1/25/21
1611619200,30830,32960.37,32260.52,32510.82,23535.83892,1/26/21
1611705600,29156,32584.62,32510.82,30407.13,46207.08537,1/27/21
1611792000,29902.14,34000,30414.11,33488.99,36007.06269,1/28/21
1611878400,31990,38570.13,33487.92,34262.11,72641.07975,1/29/21
1611964800,32852.86,34900,34262.11,34315.63,21362.15174,1/30/21
1612051200,32200,34387.75,34315.63,33137.74,16436.39758,1/31/21
1612137600,32333,34728.57,33137.75,33533.19,21975.41378,2/1/21
1612224000,33450,36000,33534.39,35512.67,19995.83908,2/2/21
1612310400,35393.8,37723.72,35513,37678.37,23781.96945,2/3/21
1612396800,36156.45,38769,37688.42,36975,31699.36292,2/4/21
1612483200,36605.87,38349,36976.59,38311.49,17842.70173,2/5/21
1612569600,38250,41000,38327.09,39265.43,27102.80603,2/6/21
1612656000,37371.35,39737.83,39266.1,38871.42,20297.87256,2/7/21
1612742400,38057.01,46750,38871.43,46448.1,47934.01039,2/8/21
1612828800,45020,48200,46453.66,46514.73,36418.79365,2/9/21
1612915200,43706.86,47349.99,46514.73,44850,25818.01158,2/10/21
1613001600,44011,48690,44850,47997.91,26222.60478,2/11/21
1613088000,46300,48912,47993.6,47408.34,23503.15584,2/12/21
1613174400,46300,48199,47408.34,47232.45,12020.87733,2/13/21
1613260800,47100.13,49700,47240.75,48680.69,15146.55244,2/14/21
1613347200,45768.46,49093.44,48667.23,47936.37,19432.15278,2/15/21
1613433600,47051.22,50645,47935.66,49158.71,23053.20561,2/16/21
1613520000,48942.87,52640.35,49141.43,52170.01,25675.17144,2/17/21
1613606400,50875,52549.99,52170.01,51601.73,15689.40275,2/18/21
1613692800,50725,56370.05,51596,55983.56,27961.48197,2/19/21
1613779200,54000.1,57563.57,55983.57,55923.52,22137.82194,2/20/21
1613865600,55531.23,58367,55921.44,57489.16,13530.43444,2/21/21
1613952000,46616,57577.69,57489.16,54142.13,49449.16576,2/22/21
1614038400,44888.08,54206.22,54125.67,48899.99,72300.58573,2/23/21
1614124800,47002,51415.41,48899.99,49737.82,30732.14949,2/24/21
1614211200,46700,52107.83,49737.81,47058.48,28011.20415,2/25/21
1614297600,44150,48464.64,47063.9,46326.2,36048.61819,2/26/21
1614384000,45055,48356.86,46319.79,46180.75,16290.28072,2/27/21
1614470400,43016,46656,46169.92,45231.75,22745.606,2/28/21
1614556800,45042.13,49829,45231.74,49639.4,25068.25044,3/1/21
1614643200,47075.11,50250,49635.3,48511.6,17063.56302,3/2/21
1614729600,48161.75,52666,48502.18,50360,21301.47724,3/3/21
1614816000,47502,51798.33,50370.33,48368.52,23386.97958,3/4/21
1614902400,46219.32,49473.99,48370.97,48769.47,25468.1803,3/5/21
1614988800,47077,49210,48766.01,48909.84,11877.83756,3/6/21
1615075200,48909.83,51459,48909.84,50978.61,13965.15473,3/7/21
1615161600,49328.62,52425,50976.22,52415.23,18856.28684,3/8/21
1615248000,51845.01,54936,52413.17,54916.38,21177.14954,3/9/21
1615334400,53025,57402.14,54921.61,55890.69,28326.07771,3/10/21
1615420800,54283,58113,55888.7,57815.47,24369.21217,3/11/21
1615507200,55050,58065.92,57820.15,57225.91,21760.53824,3/12/21
1615593600,56083.74,61788.45,57220.84,61178.5,22301.28589,3/13/21
1615680000,58950,61680,61181.38,58972.7,13581.96759,3/14/21
1615766400,54568,60601.07,58972.71,55636.15,31651.39184,3/15/21
1615852800,53221,56970,55629.08,56927.11,24432.37879,3/16/21
1615939200,54138.01,58996.38,56924.26,58925.54,22687.57433,3/17/21
1616025600,56996.15,60100,58925.54,57644.95,21459.49624,3/18/21
1616112000,56260,59461.99,57644.95,58039.66,16429.62974,3/19/21
1616198400,57827.97,59928,58026.91,58116.7,9725.281237,3/20/21
1616284800,55543.89,58651.22,58126.34,57363.32,11841.63878,3/21/21
1616371200,53739.5,58421.68,57377.29,54110.07,19512.15647,3/22/21
1616457600,53000,55858,54111.49,54345.54,19221.75674,3/23/21
1616544000,51673.82,57209.97,54333.27,52276.16,23775.21363,3/24/21
1616630400,50305,53238,52259.69,51325.01,29642.04416,3/25/21
1616716800,51250,55125.13,51320.76,55072.44,17843.00738,3/26/21
1616803200,53966,56640,55080.9,55856.53,11333.3335,3/27/21
1616889600,54701,56587.08,55856.54,55778.82,9235.803023,3/28/21
1616976000,54900,58400,55781.22,57613.48,17552.36885,3/29/21
1617062400,57000,59397.48,57613.76,58786.46,15105.07669,3/30/21
1617148800,56873.8,59800,58786.46,58800,17376.62673,3/31/21
1617235200,57930,59474.94,58800.01,58726.48,11096.33005,4/1/21
1617321600,58441.88,60055.02,58726.47,58981.04,10966.93018,4/2/21
1617408000,56943,59752,58981.04,57094.34,8405.264005,4/3/21
1617494400,56478.53,58500,57094.34,58215.94,6301.431879,4/4/21
1617580800,56817.64,59251.76,58216.73,59123.02,9204.863239,4/5/21
1617667200,57333.33,59475,59134.07,58019.98,10354.33015,4/6/21
1617753600,55400,58630,58021.67,55955.75,17787.29445,4/7/21
1617840000,55700,58152,55962.67,58083.1,8073.597317,4/8/21
1617926400,57670.51,58869.69,58083.1,58092.68,8094.746297,4/9/21
1618012800,57875.41,61218.97,58092.68,59778.6,12817.81107,4/10/21
1618099200,59177.06,60658.89,59778.59,59985.26,7278.965167,4/11/21
1618185600,59369,61199,59983.66,59839.82,11467.72753,4/12/21
1618272000,59799.01,63774.39,59836.88,63588.22,17897.76603,4/13/21
1618358400,61277.91,64899,63588.22,62971.8,22570.84113,4/14/21
1618444800,62036.73,63831.82,62971.8,63229.04,11209.45053,4/15/21
1618531200,60048.43,63604.34,63229.04,61427.27,19867.41322,4/16/21
1618617600,59700,62572.48,61427.27,60058.86,10847.76786,4/17/21
1618704000,51300,60437.97,60067.2,56274.41,36891.70959,4/18/21
1618790400,54187.85,57600,56273.65,55696.83,16838.39172,4/19/21
1618876800,53430.01,57111,55696.83,56499.29,18608.27984,4/20/21
1618963200,53620.91,56810.56,56477.67,53800.86,15584.08398,4/21/21
1619049600,50400,55469.98,53795.62,51701.59,30427.89154,4/22/21
1619136000,47464.65,52130.58,51695.98,51187.27,38794.85818,4/23/21
1619222400,48726.87,51260.61,51187.75,50089.15,11839.14356,4/24/21
1619308800,47044.01,50591.38,50101.42,49121,14633.51207,4/25/21
1619395200,48817.62,54400,49121,54053.6,18005.22399,4/26/21
1619481600,53321,55509.39,54047.8,55069.62,13957.0865,4/27/21
1619568000,53887,56476.17,55069.61,54894.03,16484.33678,4/28/21
1619654400,52369.61,55226.86,54889.81,53580,14592.31689,4/29/21
1619740800,53068.43,58075.01,53580,57798.77,16536.33289,4/30/21
1619827200,57050.94,58550,57798.77,57859.28,10787.04933,5/1/21
1619913600,56072,57972.26,57859.28,56625.2,7647.625781,5/2/21
1620000000,56500,58986,56625.21,57212.73,15165.00649,5/3/21
1620086400,53057.7,57247.24,57212.73,53241.92,23492.05868,5/4/21
1620172800,52913.02,57980.86,53241.91,57515.69,22918.90459,5/5/21
1620259200,55288,58400,57515.69,56440.66,18244.13605,5/6/21
1620345600,55300,58735.95,56444.82,57380.39,18323.8958,5/7/21
1620432000,56980.01,59559.84,57380.39,58958.05,15374.94443,5/8/21
1620518400,56265.3,59300.52,58958.06,58312.57,17169.72319,5/9/21
1620604800,53600,59592.2,58313.84,55866.41,24647.23541,5/10/21
1620691200,54511.48,56962.07,55866.38,56753.19,15446.63592,5/11/21
1620777600,48500,58041,56753.19,49498.77,29660.84274,5/12/21
1620864000,46000,52500,49498.76,49690.11,42250.08741,5/13/21
1620950400,48895,51569.56,49682.28,49893.48,21987.79362,5/14/21
1621036800,46573,50730.58,49893.48,46775.51,21936.11455,5/15/21
1621123200,43825,49808.28,46771.01,46450.79,30655.33065,5/16/21
1621209600,42101,46646.15,46450.78,43580.5,43660.22208,5/17/21
1621296000,42300,45851,43571.89,42857.15,28210.30024,5/18/21
1621382400,30000,43591.7,42865.05,36731.75,109537.2423,5/19/21
1621468800,35000,42605,36735.44,40623.33,51445.79736,5/20/21
1621555200,33501.54,42275.99,40623.24,37340.77,55961.90006,5/21/21
1621641600,35257.52,38889.76,37333.09,37476.83,29239.02738,5/22/21
1621728000,31111,38319.36,37476.84,34758.67,53433.30297,5/23/21
1621814400,34407.17,39966.87,34758.88,38878.56,44419.45828,5/24/21
1621900800,36481.26,39878.51,38874.53,38361.81,26107.55687,5/25/21
1621987200,37837.36,40900,38361.81,39293.23,25107.68631,5/26/21
1622073600,37191.99,40440.95,39293.23,38556.88,19390.89447,5/27/21
1622160000,34688,38900,38556.88,35680.47,36231.72334,5/28/21
1622246400,33650.86,37325,35680.48,34627.82,27999.15073,5/29/21
1622332800,33333,36500,34627.81,35669.44,16038.94658,5/30/21
1622419200,34183,37534.09,35669.44,37279.31,19527.116,5/31/21
1622505600,35669.14,37918.97,37276.23,36685,15713.10282,6/1/21
1622592000,35920,38237.37,36684.99,37577.91,13952.35891,6/2/21
1622678400,37184.88,39489.82,37581.83,39248.55,14325.75607,6/3/21
1622764800,35593.22,39291.24,39248.54,36856.52,17917.63251,6/4/21
1622851200,34832.17,37921.35,36856.53,35539.49,13654.69033,6/5/21
1622937600,35258,36477.86,35539.97,35800.48,8184.503243,6/6/21
1623024000,33333,36812.39,35800.48,33575.91,18997.71627,6/7/21
1623110400,31004.95,34069,33567.26,33402.13,34937.55755,6/8/21
1623196800,32408.53,37573.99,33402.13,37403.86,26040.89793,6/9/21
1623283200,35800,38425.67,37404.75,36694.05,19853.81419,6/10/21
1623369600,35944,37695,36694.91,37338.44,14142.1935,6/11/21
1623456000,34635.47,37448,37340.08,35557.33,14516.54556,6/12/21
1623542400,34780.57,39396,35557.32,39015.24,15748.96204,6/13/21
1623628800,38744.83,41076.03,39015.24,40539.47,21916.84416,6/14/21
1623715200,39510.98,41322.55,40537.93,40162.37,17020.70299,6/15/21
1623801600,38105,40499,40158.06,38351,17238.57541,6/16/21
1623888000,37365.63,39554.98,38351,38095.17,15970.35032,6/17/21
1623974400,35153.16,38216.22,38103.94,35841.81,23472.37724,6/18/21
1624060800,34833.26,36457.18,35840.96,35484.79,16801.08671,6/19/21
1624147200,33347.05,36139.73,35484.8,35585.78,19400.07454,6/20/21
1624233600,31259,35741.54,35585.79,31609.82,41304.39904,6/21/21
1624320000,28800,33352,31609.82,32538.37,48409.17333,6/22/21
1624406400,31708.03,34881.02,32538.9,33688.35,23124.81248,6/23/21
1624492800,32300,35295.67,33688.51,34654.58,16868.94085,6/24/21
1624579200,31300,35500,34654.87,31594.63,26505.19267,6/25/21
1624665600,30173.49,32711.68,31594.62,32275.19,18299.38703,6/26/21
1624752000,32002.21,34749,32267.59,34709.23,14428.92979,6/27/21
1624838400,33864.99,35301.43,34708.53,34493.22,14920.26479,6/28/21
1624924800,34233.35,36675,34493.22,35904.28,17917.59826,6/29/21
1625011200,34033,36094.42,35906.17,35060,16700.72309,6/30/21
1625097600,32703.48,35066.54,35060,33516.11,13210.95097,7/1/21
1625184000,32704.73,33972.06,33510.93,33805.02,11765.6539,7/2/21
1625270400,33320,34953.07,33805.01,34682.16,6197.801129,7/3/21
1625356800,34390.53,35951,34685.03,35284.05,6224.03057,7/4/21
1625443200,33156.86,35290.82,35284.06,33697.78,9607.606199,7/5/21
1625529600,33300,35100,33697.78,34225.73,10313.01368,7/6/21
1625616000,33770.01,35077.46,34225.72,33878.56,9404.897987,7/7/21
1625702400,32111,33934.62,33879.5,32875.95,14147.35252,7/8/21
1625788800,32255.24,34100,32875.95,33824.26,8320.906493,7/9/21
1625875200,33027.83,34267.14,33824.25,33515.35,4906.245822,7/10/21
1625961600,33333.33,34607.37,33515.35,34259.23,7023.065005,7/11/21
1626048000,32665,34670,34259.22,33091.1,10145.24047,7/12/21
1626134400,32201.12,33337.61,33077.43,32734.14,9478.042189,7/13/21
1626220800,31600,33125.55,32734.14,32816.39,10355.3187,7/14/21
1626307200,31064.77,33187.6,32815.75,31868.68,11273.61174,7/15/21
1626393600,31025.42,32259.16,31872.49,31388.06,10006.47794,7/16/21
1626480000,31179.01,31949.99,31389.57,31533.91,5695.574116,7/17/21
1626566400,31125.6,32450,31533.9,31788.25,5006.483105,7/18/21
1626652800,30429.99,31887.82,31786.37,30842.03,11027.00529,7/19/21
1626739200,29301.56,31052.65,30842.04,29796.16,18114.15286,7/20/21
1626825600,29501.02,32825,29796.15,32135.19,15598.47831,7/21/21
1626912000,31729.68,32611.84,32152.68,32287.74,7704.640463,7/22/21
1626998400,32000,33647.27,32287.75,33647.26,9004.842626,7/23/21
1627084800,33424.7,34525,33647.27,34283.01,9864.752437,7/24/21
1627171200,33888.89,35451.04,34291.67,35428.26,9434.630023,7/25/21
1627257600,35251.54,40593.93,35428.25,37262.77,40354.54556,7/26/21
1627344000,36413.26,39550,37262.76,39470.48,24709.10441,7/27/21
1627430400,38803.34,40925.56,39475.99,40035.1,27198.33358,7/28/21
1627516800,39229.47,40644.85,40035.1,40039.44,11022.42513,7/29/21
1627603200,38342,42320.57,40039.44,42237.95,15063.23441,7/30/21
1627689600,41064.11,42414.61,42233.66,41495.01,9351.942886,7/31/21
1627776000,39426,42605.64,41499,39865.41,10617.67293,8/1/21
1627862400,38690,40459.68,39859.18,39149.59,12379.41217,8/2/21
1627948800,37627.21,39785.3,39149.59,38191.44,15094.8174,8/3/21
1628035200,37509,39965.1,38189.4,39722.41,15327.67625,8/4/21
1628121600,37300,41447.89,39718.9,40888.74,28507.85533,8/5/21
1628208000,39876.74,43399.26,40888.73,42869.58,20425.11454,8/6/21
1628294400,42457.27,44750,42869.59,44637.34,19634.79476,8/7/21
1628380800,43131.97,45363.83,44628.11,43829.14,18712.27158,8/8/21
1628467200,42821.3,46497.42,43829.15,46285.48,19464.72494,8/9/21
1628553600,44650.27,46718.44,46280,45595.66,13756.50067,8/10/21
1628640000,45350.74,46781.09,45601.82,45553.49,11628.32044,8/11/21
1628726400,43714.36,46223.95,45553.1,44422.14,13169.78177,8/12/21
1628812800,44249.64,47953.9,44422.15,47833.64,11794.94196,8/13/21
1628899200,46034.93,48176.52,47833.64,47109.65,8130.367694,8/14/21
1628985600,45525.19,47400,47109.64,47014.49,7745.702008,8/15/21
1629072000,45676.91,48076.52,47014.38,45902.46,10467.66031,8/16/21
1629158400,44405.39,47174.62,45903.22,44671.58,12756.14778,8/17/21
1629244800,44216.47,46035.27,44675.34,44707.98,10327.49887,8/18/21
1629331200,43955,47088.08,44709.1,46765.87,11938.12185,8/19/21
1629417600,46644.95,49400,46769.02,49342.4,13184.67049,8/20/21
1629504000,48285.28,49821.92,49349.99,48867.02,9574.836152,8/21/21
1629590400,48102.89,49526.13,48870.21,49284.63,6243.396434,8/22/21
1629676800,49012.84,50505,49284.38,49506.5,10824.26838,8/23/21
1629763200,47600,49875.9,49504.53,47682.45,12068.33823,8/24/21
1629849600,47122.02,49277,47682.45,48987.33,9289.231771,8/25/21
1629936000,46315.48,49365.1,48991.57,46851.47,11651.34374,8/26/21
1630022400,46361.01,49185.12,46851.47,49077.57,8924.122477,8/27/21
1630108800,48370,49309.83,49081.08,48942.94,4895.701913,8/28/21
1630195200,47801,49667.1,48942.89,48802.58,6935.09511,8/29/21
1630281600,46866,48906.51,48802.58,46993.71,12249.23741,8/30/21
1630368000,46708.93,48259.68,46996.8,47112.5,12919.4397,8/31/21
1630454400,46537.62,49125,47110.33,48839.86,13010.83839,9/1/21
1630540800,48620.73,50392.19,48834.27,49279.37,14120.38264,9/2/21
1630627200,48349.66,51064.44,49279.38,50025,14577.22622,9/3/21
1630713600,49400,50558.75,50025,49942.98,7595.488165,9/4/21
1630800000,49500,51907.08,49944.89,51789.17,7743.934723,9/5/21
1630886400,51020.08,52802.03,51789.17,52698.81,9571.754711,9/6/21
1630972800,42830.77,52944.96,52698.8,46894.5,29022.81535,9/7/21
1631059200,44423.49,47381.47,46894.49,46060.36,19624.55093,9/8/21
1631145600,45511.82,47400,46059.94,46400,13594.64633,9/9/21
1631232000,44140.48,47040.76,46396.26,44851.45,14905.54795,9/10/21
1631318400,44730.29,45989.94,44850.37,45171.83,6207.38337,9/11/21
1631404800,44754.31,46462.98,45173.66,46024.23,6499.858217,9/12/21
1631491200,43465,46900,46027.8,44947.72,15015.3029,9/13/21
1631577600,44679.92,47274.92,44953.23,47127.22,12644.16435,9/14/21
1631664000,46705,48475,47127.81,48148.12,12139.84207,9/15/21
1631750400,47020.82,48499.99,48144.03,47753.16,11739.27967,9/16/21
1631836800,46752.67,48176.64,47753.15,47303.5,9088.569565,9/17/21
1631923200,47050,48825.62,47306.87,48314.56,7491.034492,9/18/21
1632009600,46850.87,48379.19,48309.86,47255.92,7086.346262,9/19/21
1632096000,42500,47358.92,47253.71,43012.97,27706.67636,9/20/21
1632182400,39600,43639.88,43007.69,40719.6,27275.33818,9/21/21
1632268800,40570.42,44035.44,40736.81,43575.1,19462.53865,9/22/21
1632355200,43096.73,45000,43575.19,44897.59,13446.87469,9/23/21
1632441600,40683.29,45200,44896.55,42848.92,22451.57711,9/24/21
1632528000,41675,42998.76,42848.44,42705.51,7383.323903,9/25/21
1632614400,40803,43937,42705.51,43178.02,9971.645452,9/26/21
1632700800,42111,44366.96,43172.17,42171.76,10094.771,9/27/21
1632787200,40897.7,42780,42166.31,41026.07,10491.81363,9/28/21
1632873600,40750.12,42638.99,41030.19,41522.16,10303.30152,9/29/21
1632960000,41409.67,44110.17,41519.11,43824.43,12835.98381,9/30/21
1633046400,43287.44,48500,43828.89,48165.76,20095.33156,10/1/21
1633132800,47451,48359.33,48165.76,47657.69,7262.634421,10/2/21
1633219200,47120.11,49300,47663.74,48233.99,7989.259259,10/3/21
1633305600,46916.7,49505,48233.99,49245.54,13938.64183,10/4/21
1633392000,49057.18,51906.23,49244.13,51493.99,17828.59727,10/5/21
1633478400,50416.01,55757.11,51499.77,55339.48,25869.64926,10/6/21
1633564800,53379,55356.85,55346.95,53797.82,15820.83418,10/7/21
1633651200,53634.41,56113,53805.46,53963.82,12416.90199,10/8/21
1633737600,53675,55500,53965.18,54962.29,7123.055124,10/9/21
1633824000,54112.95,56545.24,54963.29,54690.53,9370.191238,10/10/21
1633910400,54411.54,57833.23,54683.09,57487.44,13422.42082,10/11/21
1633996800,53873.78,57674.55,57485.97,56005.1,15457.00896,10/12/21
1634083200,54236.09,57771.33,56005.1,57367.32,14691.01339,10/13/21
1634169600,56832.32,58520.71,57367.32,57359.51,12198.02458,10/14/21
1634256000,56867.11,62910,57359.51,61695.39,27105.19764,10/15/21
1634342400,60139.01,62350,61690.32,60877.42,10161.2582,10/16/21
1634428800,58943.83,61744.17,60867.05,61527.11,9153.322735,10/17/21
1634515200,59887.74,62675.19,61530.07,62042.41,19798.1489,10/18/21
1634601600,61333,64500,62042.4,64303.14,17380.30486,10/19/21
1634688000,63525,66999,64303.14,66026.54,19194.45411,10/20/21
1634774400,62050,66650.85,66021.26,62204.02,23474.39133,10/21/21
1634860800,60000,63750,62204.01,60687.64,17217.70765,10/22/21
1634947200,59650,61750,60682.88,61300.01,6708.150138,10/23/21
1635033600,59522.89,61491.96,61300.02,60854.48,8573.727192,10/24/21
1635120000,60653.5,63726.58,60847.91,63083.54,10496.58059,10/25/21
1635206400,59837.07,63290.49,63081.96,60337.62,12181.48145,10/26/21
1635292800,58100,61488,60333.19,58455.47,18856.68565,10/27/21
1635379200,57653.88,62477.47,58462.73,60591.65,19354.49898,10/28/21
1635465600,60188.73,62974,60591.63,62276.72,15497.01102,10/29/21
1635552000,60725.01,62379.2,62287.95,61892.41,6793.596986,10/30/21
1635638400,60001,62427.02,61896.38,61343.68,8371.16989,10/31/21
1635724800,59500,62500,61346.17,60949.54,11724.34162,11/1/21
1635811200,60672.16,64300,60956.4,63266.51,13694.11539,11/2/21
1635897600,60070,63568.36,63266.5,62935.41,12951.87181,11/3/21
1635984000,60728.77,63114.14,62935.4,61444.5,11051.75854,11/4/21
1636070400,60777,62638.59,61444.49,61006.15,10598.7962,11/5/21
1636156800,60125,61599.25,61006.14,61539.31,6366.438592,11/6/21
1636243200,61397.86,63327.96,61539.3,63309.13,5596.024607,11/7/21
1636329600,63309.12,67792.77,63309.12,67554.84,17661.87297,11/8/21
1636416000,66261.79,68568.85,67554.13,66944.66,14996.62509,11/9/21
1636502400,62800,69000,66938.76,64912.2,19030.24518,11/10/21
1636588800,64133.78,65600,64912.2,64807.59,10259.51472,11/11/21
1636675200,62300,65477.06,64807.73,64147.9,13658.62658,11/12/21
1636761600,63394.17,64990,64144.42,64400.01,5968.103548,11/13/21
1636848000,63596.9,65525,64400.01,65505.02,6081.57226,11/14/21
1636934400,63371,66339.9,65505.03,63624.59,10426.55523,11/15/21
1637020800,58638,63624.6,63621.05,60107.98,24910.15267,11/16/21
1637107200,58380,60824.38,60101.56,60351.51,20907.21545,11/17/21
1637193600,56514.13,60977.21,60351.51,56898,26749.21203,11/18/21
1637280000,55625,58412.12,56898.46,58122.16,18554.56064,11/19/21
1637366400,57423.35,59900,58122.15,59760.76,7584.652417,11/20/21
1637452800,58509.69,60070,59760.76,58671.21,6661.366354,11/21/21
1637539200,55641.03,59526.51,58671.22,56280.81,15889.22079,11/22/21
1637625600,55377,57886.03,56280.81,57566.85,14019.78167,11/23/21
1637712000,55875.01,57607.97,57562.65,57162.66,12509.25972,11/24/21
1637798400,57037.04,59445.99,57158.58,58987.27,10668.67681,11/25/21
1637884800,53533,59194,58994.72,53757.67,25946.30175,11/26/21
1637971200,53642.58,55316.67,53757.67,54759.05,7899.303491,11/27/21
1638057600,53327,57490,54759.04,57317.17,8222.424934,11/28/21
1638144000,56730,58908.27,57318.51,57838.06,13454.23335,11/29/21
1638230400,55910.33,59249.77,57838.06,56987.97,18038.78771,11/30/21
1638316800,56465.75,59118.84,56998.35,57226.5,16607.30873,12/1/21
1638403200,55845,57423.69,57226.51,56521.46,12969.21953,12/2/21
1638489600,51640,57670.68,56521.45,53638.04,19567.63114,12/3/21
1638576000,42333,53876.09,53633.02,49241.12,39023.32979,12/4/21
1638662400,47827,49783,49235.26,49484.22,21727.13821,12/5/21
1638748800,47200,51105,49484.21,50529.56,23082.30466,12/6/21
1638835200,50067.1,51995,50529.56,50625.48,14107.33217,12/7/21
1638921600,48650.02,51250,50625.24,50519.68,13138.99183,12/8/21
1639008000,47323.23,50844.86,50520.94,47568.43,15749.42434,12/9/21
1639094400,46900,50148.49,47568.43,47170.94,15689.57422,12/10/21
1639180800,46786.78,49517.18,47170.94,49407.75,11045.22374,12/11/21
1639267200,48665.43,50828.13,49424.47,50089.64,10411.0818,12/12/21
1639353600,45727.92,50218.42,50089.64,46727.89,20797.28835,12/13/21
1639440000,46300,48686.91,46727.89,48367.43,17107.03429,12/14/21
1639526400,46530,49500,48359.23,48884.78,21621.70984,12/15/21
1639612800,47524.66,49459.39,48878.83,47634.22,12731.23682,12/16/21
1639699200,45469.32,48000,47634.2,46166.5,18556.079,12/17/21
1639785600,45515.72,47368.73,46159.87,46859.46,8170.853032,12/18/21
1639872000,46440.11,48351.92,46857.49,46687.19,9518.707128,12/19/21
1639958400,45568,47548.93,46687.2,46926.07,16039.3851,12/20/21
1640044800,46645.05,49339.31,46926.07,48914.7,15461.41057,12/21/21
1640131200,48450,49595,48914.7,48608.62,10753.49907,12/22/21
1640217600,48032.16,51397.82,48608.61,50842.2,16627.04628,12/23/21
1640304000,50445.55,51878.6,50842.06,50851.38,11690.45418,12/24/21
1640390400,50191.84,51171.68,50852.31,50428.31,5550.571532,12/25/21
1640476800,49460,51295.33,50428.31,50801.79,6863.394738,12/26/21
1640563200,50480,52100,50804.33,50717.77,11596.91468,12/27/21
1640649600,47300.23,50720.35,50720.35,47543.09,23116.75584,12/28/21
1640736000,46094.02,48149.58,47542.2,46471.24,20326.32142,12/29/21
1640822400,45938.44,47926.15,46471.24,47122.08,27413.65365,12/30/21
1640908800,45650,48574.7,47122.09,46211.24,19010.24135,12/31/21
1640995200,46205,47967.12,46211.24,47733.43,9463.661711,1/1/22
1641081600,46633.36,47990,47733.43,47299.07,6833.498455,1/2/22
1641168000,45700,47583.33,47299.06,46459.56,10841.8102,1/3/22
1641254400,45515,47532.89,46459.57,45814.61,16320.32713,1/4/22
1641340800,42500,47076.55,45817.13,43436.04,25067.67477,1/5/22
1641427200,42432.99,43794.5,43446.34,43083.76,20780.04785,1/6/22
1641513600,40571.53,43144.72,43081.79,41565.18,26122.19991,1/7/22
1641600000,40505.3,42318.97,41564.57,41684.84,15454.11315,1/8/22
1641686400,41209.53,42831.12,41684.84,41876.52,11074.22498,1/9/22
1641772800,39650,42250,41876.52,41824.07,25232.3574,1/10/22
1641859200,41274.8,43130,41824.06,42753.44,19697.46613,1/11/22
1641945600,42459.21,44342.83,42749.84,43920.37,16250.2147,1/12/22
1642032000,42325,44453.22,43921.21,42581.65,14772.09479,1/13/22
1642118400,41752,43473.98,42576.27,43090.72,13545.75086,1/14/22
1642204800,42577.35,43819.39,43090.72,43098.2,6318.385502,1/15/22
1642291200,42600,43497.24,43098.2,43104.34,6481.658023,1/16/22
1642377600,41567.64,43200,43104.34,42218.01,10963.85191,1/17/22
1642464000,41287.79,42692.71,42214.66,42369.74,13658.50366,1/18/22
1642550400,41126,42586.03,42372.15,41674.27,15642.41728,1/19/22
1642636800,40555,43511.99,41672.14,40670.97,17860.82319,1/20/22
1642723200,35422,41127.79,40671.77,36456.94,50742.89616,1/21/22
1642809600,34017.56,36835.93,36456.67,35066.43,30044.12486,1/22/22
1642896000,34625,36555.55,35075.7,36282.47,17440.2274,1/23/22
1642982400,32933.33,37574.63,36275.28,36693.32,38776.29021,1/24/22
1643068800,35716.15,37579.81,36687.58,36980,21597.52201,1/25/22
1643155200,36254.97,38960,36980,36840.63,27403.99125,1/26/22
1643241600,35526.36,37249,36846.22,37188.37,23601.4621,1/27/22
1643328000,36162.48,38023.74,37188.37,37741.9,22716.16495,1/28/22
1643414400,37300,38748.43,37741.9,38191.1,13103.19076,1/29/22
1643500800,37365.31,38384.07,38189.82,37901.35,10632.53591,1/30/22
1643587200,36640.94,38785.04,37904.99,38491.93,19654.98487,1/31/22
1643673600,38021.53,39300,38492.53,38716.88,16379.93141,2/1/22
1643760000,36584.29,38888.88,38714.27,36923.39,13787.58719,2/2/22
1643846400,36259.01,37450.75,36923.39,37329.91,13283.28625,2/3/22
1643932800,37051.36,41788.81,37324.61,41614.64,22537.55826,2/4/22
1644019200,40955.4,41970,41613.75,41404.85,11187.20119,2/5/22
1644105600,41135.39,42719.93,41411.59,42415.16,6447.884889,2/6/22
1644192000,41678.79,44533,42416.06,43868.07,20040.4986,2/7/22
1644278400,42688,45519.24,43868.08,44085.59,20387.64565,2/8/22
1644364800,43155.5,44865.46,44087.58,44416.35,12785.81171,2/9/22
1644451200,43210,45855,44416.39,43527.71,20024.52327,2/10/22
1644537600,42000,43962.13,43521.88,42386.47,19367.4152,2/11/22
1644624000,41750,43050,42386.47,42244.97,8664.419567,2/12/22
1644710400,41885.61,42781.96,42244.91,42074.99,6208.940937,2/13/22
1644796800,41570,42876.15,42073.37,42548.71,14805.98339,2/14/22
1644883200,42433.28,44775.96,42548.71,44583.52,14154.73453,2/15/22
1644969600,43330.59,44585.69,44580.73,43895.56,9663.440404,2/16/22
1645056000,40099.99,44195.62,43895.55,40536.73,18630.10842,2/17/22
1645142400,39425.07,40990.9,40537.94,39983.56,16491.01306,2/18/22
1645228800,39655,40469.82,39993.64,40101.94,6277.302013,2/19/22
1645315200,38000,40146.07,40101.93,38389.03,10972.32176,2/20/22
1645401600,36811,39506.91,38395.99,37023,20970.76379,2/21/22
1645488000,36350,38469.06,37022.11,38251.48,22767.08772,2/22/22
1645574400,37055,39276.85,38251.67,37268.19,15510.1133,2/23/22
1645660800,34322,39720,37268.18,38347.3,42124.51876,2/24/22
1645747200,38016.44,39716,38347.3,39238.48,20761.66924,2/25/22
1645833600,38592.04,40300.5,39242.71,39137.8,8601.671097,2/26/22
1645920000,37020,39875.71,39146.97,37717.08,14440.23638,2/27/22
1646006400,37455.71,44240.77,37716.57,43192.66,25699.68423,2/28/22