date,open,high,low,close,adj close,volume
11/10/17,0.160076,0.161125,0.134577,0.139639,0.139639,1616760
11/11/17,0.139728,0.1456,0.13055,0.137147,0.137147,1274050
11/12/17,0.138002,0.138002,0.115952,0.124914,0.124914,1549930
11/13/17,0.124678,0.151925,0.123785,0.14345,0.14345,2146280
11/14/17,0.144157,0.150544,0.135131,0.147691,0.147691,2805450
11/15/17,0.145754,0.149775,0.138325,0.143508,0.143508,2425150
11/16/17,0.144264,0.17231,0.13939,0.167167,0.167167,6494270
11/17/17,0.166421,0.180135,0.155159,0.160654,0.160654,5317800
11/18/17,0.16146,0.165633,0.155645,0.162501,0.162501,3096680
11/19/17,0.163459,0.164833,0.158315,0.161358,0.161358,2455030
11/20/17,0.15993,0.163229,0.15641,0.157709,0.157709,2961210
11/21/17,0.157763,0.166981,0.152876,0.15469,0.15469,2777640
11/22/17,0.154814,0.167832,0.154544,0.167282,0.167282,3086240
11/23/17,0.166951,0.167897,0.157045,0.158281,0.158281,3089820
11/24/17,0.158582,0.161391,0.15453,0.160319,0.160319,3428690
11/25/17,0.160128,0.165884,0.155781,0.165884,0.165884,3787990
11/26/17,0.166252,0.179395,0.165484,0.179284,0.179284,4057580
11/27/17,0.179267,0.188937,0.17652,0.186623,0.186623,4168600
11/28/17,0.186629,0.195637,0.185511,0.195462,0.195462,4521830
11/29/17,0.195337,0.206646,0.149889,0.151431,0.151431,5918270
11/30/17,0.155341,0.174726,0.140673,0.159573,0.159573,3391230
12/1/17,0.159462,0.1788,0.154044,0.176916,0.176916,3118700
12/2/17,0.177254,0.177254,0.16734,0.169221,0.169221,3125470
12/3/17,0.17016,0.179702,0.160182,0.170244,0.170244,3795080
12/4/17,0.170007,0.204616,0.169102,0.19244,0.19244,7164930
12/5/17,0.192188,0.226835,0.187,0.224739,0.224739,9751950
12/6/17,0.224128,0.227733,0.193441,0.206024,0.206024,10626800
12/7/17,0.204538,0.20908,0.168851,0.173906,0.173906,8750000
12/8/17,0.174933,0.189441,0.169128,0.186056,0.186056,5905930
12/9/17,0.185408,0.19952,0.17494,0.185353,0.185353,4858860
12/10/17,0.184967,0.184967,0.155022,0.175097,0.175097,4934790
12/11/17,0.175378,0.235737,0.174918,0.210838,0.210838,14784600
12/12/17,0.213106,0.272181,0.20349,0.245799,0.245799,30706800
12/13/17,0.245033,0.254383,0.223079,0.238908,0.238908,11660800
12/14/17,0.237202,0.248894,0.22438,0.240201,0.240201,13308900
12/15/17,0.240416,0.243402,0.212466,0.235625,0.235625,9697550
12/16/17,0.2376,0.271318,0.237299,0.270852,0.270852,12336400
12/17/17,0.270604,0.351926,0.269124,0.311358,0.311358,25909600
12/18/17,0.312227,0.43694,0.309387,0.395567,0.395567,32789600
12/19/17,0.39511,0.417235,0.358429,0.375701,0.375701,21628900
12/20/17,0.376195,0.377025,0.320021,0.376895,0.376895,16978500
12/21/17,0.378768,0.412889,0.351044,0.370376,0.370376,21032000
12/22/17,0.371063,0.37478,0.219856,0.302083,0.302083,13553800
12/23/17,0.304869,0.363694,0.304869,0.327864,0.327864,9969610
12/24/17,0.331396,0.373256,0.287734,0.373256,0.373256,9932210
12/25/17,0.373529,0.461718,0.354356,0.390715,0.390715,27227000
12/26/17,0.389784,0.450194,0.340387,0.404879,0.404879,22083600
12/27/17,0.407426,0.453465,0.380762,0.406465,0.406465,27499600
12/28/17,0.40452,0.40452,0.330953,0.381722,0.381722,16323400
12/29/17,0.384596,0.40261,0.358923,0.381674,0.381674,13222900
12/30/17,0.379237,0.379237,0.322974,0.35393,0.35393,14934100
12/31/17,0.350872,0.432559,0.34635,0.412203,0.412203,18495600
1/1/18,0.413187,0.492197,0.391297,0.475599,0.475599,23566200
1/2/18,0.473987,0.628335,0.473987,0.5633,0.5633,61507700
1/3/18,0.565701,0.677083,0.512517,0.651219,0.651219,53393700
1/4/18,0.645153,0.684671,0.605694,0.634125,0.634125,49913400
1/5/18,0.62423,0.663463,0.52455,0.552881,0.552881,46643000
1/6/18,0.556086,0.749462,0.55308,0.663905,0.663905,51922100
1/7/18,0.662447,0.841514,0.662447,0.758233,0.758233,78834400
1/8/18,0.760422,0.923245,0.587154,0.848184,0.848184,71550600
1/9/18,0.853708,0.980702,0.816096,0.891962,0.891962,86957600
1/10/18,0.896923,0.896923,0.737879,0.802175,0.802175,48395100
1/11/18,0.800209,0.800209,0.620202,0.653207,0.653207,34119300
1/12/18,0.666512,0.768036,0.635554,0.74205,0.74205,32465900
1/13/18,0.743016,0.790479,0.734059,0.763973,0.763973,29202700
1/14/18,0.765929,0.765929,0.640277,0.662359,0.662359,26944900
1/15/18,0.660657,0.729438,0.610609,0.689569,0.689569,28859800
1/16/18,0.691414,0.691414,0.366936,0.483813,0.483813,27355600
1/17/18,0.480423,0.58824,0.350937,0.58824,0.58824,26334000
1/18/18,0.593239,0.66037,0.567425,0.591967,0.591967,33982500
1/19/18,0.586826,0.633686,0.55767,0.593371,0.593371,18967600
1/20/18,0.598119,0.676622,0.597418,0.652433,0.652433,14603300
1/21/18,0.653467,0.653467,0.522816,0.555487,0.555487,10269600
1/22/18,0.559888,0.57466,0.463517,0.511591,0.511591,16621400
1/23/18,0.514352,0.578114,0.47221,0.578114,0.578114,17113700
1/24/18,0.576263,0.621625,0.527145,0.543128,0.543128,35591900
1/25/18,0.550764,0.568472,0.540225,0.555015,0.555015,19994100
1/26/18,0.55454,0.563009,0.497166,0.558874,0.558874,16465300
1/27/18,0.558062,0.664915,0.549425,0.662215,0.662215,30672200
1/28/18,0.661919,0.661919,0.61746,0.650049,0.650049,25628900
1/29/18,0.647782,0.657008,0.593307,0.607161,0.607161,19974100
1/30/18,0.607354,0.608368,0.507159,0.509349,0.509349,16844700
1/31/18,0.509461,0.528765,0.482229,0.517065,0.517065,17508700
2/1/18,0.519383,0.530553,0.422669,0.462054,0.462054,13799300
2/2/18,0.461756,0.461756,0.326891,0.416206,0.416206,7016480
2/3/18,0.418332,0.46603,0.383645,0.448572,0.448572,8570000
2/4/18,0.447139,0.460013,0.356754,0.385504,0.385504,8016560
2/5/18,0.381815,0.389144,0.280792,0.295087,0.295087,7563880
2/6/18,0.295635,0.38663,0.231117,0.357246,0.357246,9245340
2/7/18,0.35601,0.383495,0.318011,0.340785,0.340785,7712480
2/8/18,0.340409,0.393811,0.340409,0.372876,0.372876,5728650
2/9/18,0.374397,0.398851,0.355634,0.387052,0.387052,4454490
2/10/18,0.38729,0.407441,0.343835,0.361326,0.361326,4431120
2/11/18,0.360629,0.360629,0.32207,0.333647,0.333647,2814260
2/12/18,0.335346,0.388829,0.335346,0.380451,0.380451,3689740
2/13/18,0.380143,0.381604,0.340399,0.347663,0.347663,3333760
2/14/18,0.347633,0.402257,0.346107,0.395896,0.395896,4580830
2/15/18,0.394789,0.428994,0.394391,0.414574,0.414574,5466000
2/16/18,0.413734,0.441928,0.412514,0.435563,0.435563,4964520
2/17/18,0.436889,0.481932,0.432206,0.479139,0.479139,5396170
2/18/18,0.481088,0.481088,0.415468,0.4246,0.4246,4917400
2/19/18,0.422276,0.437537,0.410763,0.425791,0.425791,4354620
2/20/18,0.426294,0.439669,0.388404,0.391724,0.391724,5555850
2/21/18,0.391426,0.405547,0.362684,0.363677,0.363677,4339370
2/22/18,0.363656,0.37796,0.336697,0.341856,0.341856,3569820
2/23/18,0.341099,0.365211,0.334707,0.359387,0.359387,2803740
2/24/18,0.357943,0.364518,0.332954,0.339745,0.339745,3452860
2/25/18,0.338516,0.378488,0.338516,0.356711,0.356711,5791560
2/26/18,0.356728,0.371857,0.349295,0.365594,0.365594,2650280
2/27/18,0.366952,0.378358,0.358892,0.365449,0.365449,3505340
2/28/18,0.364864,0.374405,0.339458,0.340086,0.340086,3183110
3/1/18,0.339976,0.403773,0.328186,0.374938,0.374938,11112000
3/2/18,0.373657,0.418654,0.369649,0.405679,0.405679,13092800
3/3/18,0.404781,0.406489,0.373031,0.379234,0.379234,5018260
3/4/18,0.378781,0.379706,0.367716,0.376859,0.376859,3257860
3/5/18,0.376595,0.391938,0.374227,0.375513,0.375513,4017680
3/6/18,0.375588,0.375588,0.334184,0.338273,0.338273,3151660
3/7/18,0.337471,0.346364,0.277994,0.299935,0.299935,4940190
3/8/18,0.298525,0.309998,0.268783,0.271218,0.271218,3217760
3/9/18,0.269369,0.2711,0.22946,0.259717,0.259717,5051810
3/10/18,0.258741,0.296706,0.258741,0.261025,0.261025,4266990
3/11/18,0.2599,0.280528,0.251583,0.272858,0.272858,2583620
3/12/18,0.272,0.279918,0.255859,0.261717,0.261717,6952680
3/13/18,0.260966,0.267216,0.245337,0.246668,0.246668,4214560
3/14/18,0.246661,0.251562,0.215635,0.22115,0.22115,4645650
3/15/18,0.221354,0.225045,0.186964,0.195941,0.195941,7128880
3/16/18,0.196785,0.205228,0.191247,0.197728,0.197728,4389510
3/17/18,0.198651,0.201822,0.18663,0.190163,0.190163,4629150
3/18/18,0.1897,0.189917,0.156901,0.189207,0.189207,5125320
3/19/18,0.189039,0.206083,0.184619,0.204119,0.204119,4389990
3/20/18,0.206148,0.221051,0.19614,0.211607,0.211607,4744160
3/21/18,0.212079,0.225229,0.206217,0.208152,0.208152,5095830
3/22/18,0.207912,0.217945,0.192553,0.207624,0.207624,3824490
3/23/18,0.208129,0.211858,0.195378,0.211858,0.211858,5034550
3/24/18,0.21429,0.235244,0.211529,0.215019,0.215019,5436620
3/25/18,0.212356,0.221881,0.204398,0.210988,0.210988,4093880
3/26/18,0.211551,0.233671,0.184982,0.216878,0.216878,11853000
3/27/18,0.21678,0.26145,0.206477,0.226107,0.226107,20462500
3/28/18,0.2243,0.233325,0.218682,0.223775,0.223775,7325310
3/29/18,0.223284,0.224641,0.186172,0.188864,0.188864,4810120
3/30/18,0.188415,0.190857,0.176944,0.185911,0.185911,4906680
3/31/18,0.185831,0.195823,0.185831,0.195289,0.195289,4017800
4/1/18,0.195568,0.197938,0.174754,0.186136,0.186136,4474620
4/2/18,0.186898,0.200733,0.185507,0.199357,0.199357,4822270
4/3/18,0.199335,0.225461,0.199335,0.211568,0.211568,10359800
4/4/18,0.211399,0.211828,0.187472,0.188309,0.188309,4339240
4/5/18,0.187869,0.211638,0.180591,0.185819,0.185819,7091280
4/6/18,0.185539,0.188966,0.179205,0.180172,0.180172,4242680
4/7/18,0.180331,0.196904,0.18015,0.194678,0.194678,4672030
4/8/18,0.19509,0.202685,0.194572,0.199976,0.199976,4223320
4/9/18,0.199381,0.202288,0.183913,0.187006,0.187006,4486340
4/10/18,0.187525,0.19898,0.183323,0.19898,0.19898,5211810
4/11/18,0.19899,0.210221,0.197025,0.209018,0.209018,4803470
4/12/18,0.208478,0.233402,0.199337,0.233311,0.233311,5925880
4/13/18,0.234238,0.259842,0.227069,0.2421,0.2421,7614480
4/14/18,0.242326,0.261219,0.241163,0.257346,0.257346,5032090
4/15/18,0.257177,0.266862,0.257177,0.266862,0.266862,4998180
4/16/18,0.267449,0.273727,0.25991,0.271688,0.271688,7550920
4/17/18,0.271823,0.281638,0.266217,0.274953,0.274953,7087260
4/18/18,0.274827,0.402724,0.27463,0.361764,0.361764,48542100
4/19/18,0.36244,0.401703,0.353847,0.384186,0.384186,27273800
4/20/18,0.383429,0.418643,0.372616,0.407727,0.407727,16586600
4/21/18,0.405404,0.412996,0.376078,0.41141,0.41141,8605380
4/22/18,0.41282,0.444652,0.401102,0.425449,0.425449,10641500
4/23/18,0.423968,0.438266,0.422633,0.435824,0.435824,7346400
4/24/18,0.435338,0.469561,0.435338,0.458046,0.458046,10757500
4/25/18,0.457921,0.458297,0.380483,0.403847,0.403847,10950800
4/26/18,0.407347,0.439768,0.399228,0.43925,0.43925,7506600
4/27/18,0.43994,0.447372,0.41667,0.418297,0.418297,5786420
4/28/18,0.416056,0.471707,0.41577,0.44105,0.44105,12786800
4/29/18,0.440325,0.465133,0.435038,0.465133,0.465133,7606110
4/30/18,0.465091,0.502423,0.444017,0.479718,0.479718,12709500
5/1/18,0.480199,0.508905,0.442289,0.503444,0.503444,14562200
5/2/18,0.504219,0.523011,0.489825,0.491364,0.491364,12751200
5/3/18,0.490932,0.51646,0.488557,0.49158,0.49158,15010800
5/4/18,0.490363,0.501506,0.478427,0.482687,0.482687,6894470
5/5/18,0.482148,0.487889,0.443374,0.450836,0.450836,10395000
5/6/18,0.451134,0.453949,0.419688,0.437427,0.437427,6016770
5/7/18,0.437753,0.43949,0.382824,0.405995,0.405995,6942380
5/8/18,0.408217,0.420731,0.380933,0.391668,0.391668,6111690
5/9/18,0.391597,0.391822,0.36418,0.379371,0.379371,5609840
5/10/18,0.378682,0.394201,0.365482,0.383166,0.383166,8556110
5/11/18,0.381353,0.381353,0.31717,0.348191,0.348191,7594750
5/12/18,0.347384,0.367031,0.330351,0.363629,0.363629,5268220
5/13/18,0.36609,0.392253,0.355403,0.389423,0.389423,4894890
5/14/18,0.389918,0.41377,0.366876,0.404774,0.404774,6042450
5/15/18,0.403851,0.407073,0.366792,0.372427,0.372427,4664060
5/16/18,0.373185,0.407366,0.344623,0.392283,0.392283,10878100
5/17/18,0.392524,0.421358,0.355735,0.357854,0.357854,8947410
5/18/18,0.357857,0.368052,0.346978,0.361729,0.361729,3644390
5/19/18,0.362119,0.363086,0.345912,0.348088,0.348088,2770420
5/20/18,0.348429,0.356133,0.344268,0.351259,0.351259,2004930
5/21/18,0.351664,0.356934,0.343855,0.344437,0.344437,2447770
5/22/18,0.344411,0.345614,0.308194,0.309015,0.309015,2773260
5/23/18,0.308834,0.314927,0.271097,0.297605,0.297605,5796060
5/24/18,0.298139,0.325157,0.281058,0.311497,0.311497,5523260
5/25/18,0.312017,0.31233,0.286548,0.291022,0.291022,2025840
5/26/18,0.290833,0.294643,0.28306,0.283559,0.283559,1710280
5/27/18,0.283345,0.284034,0.277606,0.280541,0.280541,1441200
5/28/18,0.280487,0.281543,0.250261,0.250261,0.250261,2265200
5/29/18,0.250335,0.283549,0.246147,0.281625,0.281625,3041930
5/30/18,0.281352,0.288373,0.263494,0.266625,0.266625,2293530
5/31/18,0.266585,0.284225,0.264858,0.277734,0.277734,2369600
6/1/18,0.277993,0.28036,0.268894,0.27838,0.27838,1844110
6/2/18,0.277973,0.297933,0.273478,0.292916,0.292916,3215640
6/3/18,0.291533,0.304288,0.289888,0.29579,0.29579,2391740
6/4/18,0.294376,0.2969,0.278744,0.281798,0.281798,1894160
6/5/18,0.281792,0.283941,0.264471,0.278908,0.278908,2525110
6/6/18,0.278839,0.278995,0.264844,0.270386,0.270386,1666000
6/7/18,0.270451,0.277843,0.270098,0.277027,0.277027,2101040
6/8/18,0.277543,0.278378,0.267161,0.272297,0.272297,1643000
6/9/18,0.272348,0.277075,0.265697,0.265697,0.265697,1578590
6/10/18,0.265738,0.265738,0.221597,0.228183,0.228183,2505850
6/11/18,0.228179,0.235093,0.22265,0.233626,0.233626,1920940
6/12/18,0.234054,0.234054,0.203749,0.208202,0.208202,2402470
6/13/18,0.208681,0.208681,0.187511,0.195023,0.195023,1606920
6/14/18,0.19505,0.223492,0.189896,0.219573,0.219573,2641910
6/15/18,0.219425,0.243617,0.213305,0.235921,0.235921,4135940
6/16/18,0.23441,0.258054,0.233871,0.241798,0.241798,7265280
6/17/18,0.242629,0.2559,0.230049,0.230407,0.230407,3459530
6/18/18,0.229953,0.260111,0.228404,0.257204,0.257204,4118300
6/19/18,0.257546,0.259492,0.247405,0.255756,0.255756,3475430
6/20/18,0.255545,0.271791,0.24198,0.263447,0.263447,3376880
6/21/18,0.263738,0.310229,0.263738,0.308857,0.308857,7712090
6/22/18,0.30546,0.307346,0.242329,0.249035,0.249035,7381380
6/23/18,0.249713,0.279568,0.246839,0.275959,0.275959,4754520
6/24/18,0.276485,0.276485,0.235592,0.257319,0.257319,3549900
6/25/18,0.256403,0.261452,0.245845,0.247712,0.247712,3054560
6/26/18,0.249666,0.251447,0.225684,0.225933,0.225933,2278780
6/27/18,0.225055,0.228222,0.217491,0.223741,0.223741,1713500
6/28/18,0.22371,0.225225,0.204879,0.205587,0.205587,1902540
6/29/18,0.204318,0.220344,0.198294,0.218404,0.218404,2184470
6/30/18,0.218216,0.243749,0.218072,0.243023,0.243023,2690800
7/1/18,0.24263,0.259303,0.23637,0.25742,0.25742,2366250
7/2/18,0.258049,0.275968,0.249102,0.271738,0.271738,3659320
7/3/18,0.271335,0.27617,0.245309,0.249576,0.249576,3674380
7/4/18,0.249975,0.26014,0.245463,0.250188,0.250188,2681310
7/5/18,0.250721,0.255783,0.236434,0.241339,0.241339,2424400
7/6/18,0.241166,0.272392,0.236682,0.26234,0.26234,4473600
7/7/18,0.264982,0.270212,0.254652,0.269085,0.269085,3189520
7/8/18,0.269778,0.278685,0.264111,0.274485,0.274485,2346660
7/9/18,0.274015,0.281356,0.264052,0.264901,0.264901,2762680
7/10/18,0.262173,0.262556,0.238425,0.242928,0.242928,2751840
7/11/18,0.243195,0.274181,0.24306,0.268652,0.268652,4486670
7/12/18,0.268646,0.269675,0.251201,0.268327,0.268327,4768230
7/13/18,0.269151,0.341148,0.265327,0.336022,0.336022,16786200
7/14/18,0.334512,0.344397,0.307907,0.318159,0.318159,15608800
7/15/18,0.31759,0.342343,0.308336,0.317168,0.317168,8434180
7/16/18,0.319275,0.360976,0.317351,0.357229,0.357229,9397190
7/17/18,0.355797,0.381162,0.349808,0.358688,0.358688,15869500
7/18/18,0.360704,0.388373,0.355988,0.35653,0.35653,13593500
7/19/18,0.356273,0.370842,0.337875,0.339379,0.339379,7815340
7/20/18,0.339452,0.339738,0.302853,0.314767,0.314767,7005660
7/21/18,0.316236,0.337788,0.3045,0.327968,0.327968,6115640
7/22/18,0.327367,0.34901,0.323306,0.328241,0.328241,6121070
7/23/18,0.327859,0.421837,0.32422,0.347729,0.347729,90456200
7/24/18,0.348955,0.408742,0.339923,0.347735,0.347735,41637900
7/25/18,0.346312,0.355447,0.31641,0.330599,0.330599,16915400
7/26/18,0.331323,0.339007,0.298097,0.305004,0.305004,6540910
7/27/18,0.305209,0.330788,0.299279,0.323411,0.323411,9909830
7/28/18,0.324782,0.327851,0.320121,0.324551,0.324551,3885050
7/29/18,0.324813,0.328429,0.313041,0.31498,0.31498,3576790
7/30/18,0.315306,0.315306,0.290956,0.303662,0.303662,3156580
7/31/18,0.302874,0.303096,0.275208,0.277121,0.277121,3761580
8/1/18,0.276599,0.284299,0.266387,0.28347,0.28347,3534260
8/2/18,0.284322,0.294096,0.263545,0.264922,0.264922,3596410
8/3/18,0.263792,0.270912,0.249712,0.265448,0.265448,3787420
8/4/18,0.265944,0.269345,0.246654,0.25001,0.25001,2688850
8/5/18,0.250059,0.256164,0.246148,0.253875,0.253875,2473480
8/6/18,0.254198,0.27167,0.254198,0.269721,0.269721,3858700
8/7/18,0.269345,0.303835,0.262205,0.266232,0.266232,8757630
8/8/18,0.266132,0.266132,0.214181,0.220825,0.220825,7322500
8/9/18,0.22156,0.24967,0.219915,0.247197,0.247197,3786690
8/10/18,0.24606,0.249049,0.214857,0.221822,0.221822,3449610
8/11/18,0.222178,0.22815,0.19976,0.220584,0.220584,6631450
8/12/18,0.219059,0.219739,0.208884,0.210934,0.210934,2389040
8/13/18,0.211339,0.223696,0.188497,0.189499,0.189499,4937120
8/14/18,0.186133,0.189508,0.156891,0.189508,0.189508,5752430
8/15/18,0.19099,0.20745,0.186962,0.187562,0.187562,4966500
8/16/18,0.187322,0.20542,0.183278,0.195571,0.195571,3942520
8/17/18,0.196009,0.227613,0.195602,0.226234,0.226234,3990710
8/18/18,0.227474,0.229182,0.197288,0.207043,0.207043,3050410
8/19/18,0.207002,0.230433,0.20398,0.220856,0.220856,3544910
8/20/18,0.221571,0.22745,0.195571,0.195632,0.195632,2845590
8/21/18,0.194444,0.214122,0.193943,0.213577,0.213577,3581670
8/22/18,0.21348,0.222663,0.192488,0.197232,0.197232,3991730
8/23/18,0.196703,0.209283,0.195978,0.208373,0.208373,4537010
8/24/18,0.21021,0.212225,0.203119,0.212044,0.212044,4467600
8/25/18,0.21191,0.213543,0.206815,0.212531,0.212531,3674530
8/26/18,0.212531,0.213719,0.203877,0.209004,0.209004,3580910
8/27/18,0.209355,0.223174,0.207651,0.222886,0.222886,5267600
8/28/18,0.223665,0.235569,0.223392,0.233496,0.233496,6915810
8/29/18,0.233584,0.233584,0.218325,0.224581,0.224581,5778130
8/30/18,0.224646,0.224944,0.206946,0.214951,0.214951,6442380
8/31/18,0.215432,0.224123,0.212204,0.219598,0.219598,5472150
9/1/18,0.218484,0.233571,0.218351,0.22762,0.22762,3547030
9/2/18,0.227837,0.235492,0.224479,0.231729,0.231729,3265550
9/3/18,0.23202,0.233489,0.226267,0.227876,0.227876,3231210
9/4/18,0.228115,0.234189,0.226451,0.230995,0.230995,3362240
9/5/18,0.230913,0.238454,0.182782,0.182782,0.182782,5709710
9/6/18,0.182296,0.184939,0.170549,0.18368,0.18368,4713820
9/7/18,0.183302,0.184636,0.173012,0.173267,0.173267,4042110
9/8/18,0.173469,0.177427,0.155901,0.159016,0.159016,4532720
9/9/18,0.159052,0.166779,0.151866,0.156566,0.156566,3509260
9/10/18,0.156667,0.158095,0.147656,0.150842,0.150842,3404930
9/11/18,0.151439,0.158099,0.143506,0.148573,0.148573,3994940
9/12/18,0.148945,0.150436,0.131877,0.147355,0.147355,4552830
9/13/18,0.147172,0.167417,0.146653,0.165979,0.165979,4702990
9/14/18,0.165732,0.168578,0.150915,0.155595,0.155595,4123730
9/15/18,0.154594,0.164887,0.153273,0.163966,0.163966,2846890
9/16/18,0.164126,0.164126,0.154734,0.156902,0.156902,3174010
9/17/18,0.157095,0.165751,0.140387,0.143804,0.143804,3843190
9/18/18,0.144024,0.151955,0.141268,0.147439,0.147439,3221640
9/19/18,0.147459,0.150627,0.140244,0.149901,0.149901,1884250
9/20/18,0.150568,0.167792,0.150568,0.164783,0.164783,4286500
9/21/18,0.163998,0.180865,0.161181,0.180503,0.180503,5374870
9/22/18,0.180708,0.183656,0.165882,0.175627,0.175627,4532980
9/23/18,0.175963,0.179143,0.172351,0.174988,0.174988,2298730
9/24/18,0.175257,0.17636,0.163422,0.164372,0.164372,2792720
9/25/18,0.164537,0.164537,0.151394,0.163104,0.163104,5401860
9/26/18,0.164825,0.168264,0.15782,0.164532,0.164532,3206750
9/27/18,0.164467,0.175715,0.160669,0.174372,0.174372,3360290
9/28/18,0.174616,0.177301,0.164497,0.169157,0.169157,3452890
9/29/18,0.169089,0.170781,0.162081,0.168362,0.168362,2049280
9/30/18,0.168343,0.174285,0.167388,0.171174,0.171174,1763310
10/1/18,0.170991,0.174089,0.168184,0.171407,0.171407,2416960
10/2/18,0.171163,0.17694,0.170178,0.170755,0.170755,3019370
10/3/18,0.170549,0.170549,0.163475,0.165743,0.165743,2113960
10/4/18,0.165866,0.173776,0.165303,0.171474,0.171474,2957670
10/5/18,0.171584,0.183375,0.171327,0.180872,0.180872,5578560
10/6/18,0.180915,0.183911,0.170953,0.173689,0.173689,3027690
10/7/18,0.174163,0.176486,0.170849,0.175539,0.175539,2542700
10/8/18,0.176204,0.179294,0.174037,0.177897,0.177897,2678130
10/9/18,0.178345,0.18065,0.176534,0.180125,0.180125,2740720
10/10/18,0.179559,0.182635,0.172994,0.180738,0.180738,5397420
10/11/18,0.180154,0.183611,0.155979,0.163987,0.163987,8890810
10/12/18,0.162059,0.189153,0.157955,0.178842,0.178842,11341600
10/13/18,0.179319,0.182871,0.174056,0.176788,0.176788,3711450
10/14/18,0.177163,0.177813,0.171352,0.172347,0.172347,3858440
10/15/18,0.172617,0.185334,0.169912,0.182082,0.182082,5314640
10/16/18,0.182238,0.188539,0.179446,0.187831,0.187831,4007950
10/17/18,0.187819,0.218429,0.186287,0.21365,0.21365,26311900
10/18/18,0.214325,0.214325,0.201854,0.20898,0.20898,7939570
10/19/18,0.209065,0.24266,0.205508,0.236023,0.236023,20938800
10/20/18,0.235888,0.252458,0.230637,0.232617,0.232617,16163600
10/21/18,0.240814,0.272214,0.235332,0.259686,0.259686,18052500
10/22/18,0.262781,0.293587,0.254487,0.268415,0.268415,27279700
10/23/18,0.270618,0.279068,0.24655,0.253173,0.253173,21691900
10/24/18,0.251992,0.284747,0.250328,0.274514,0.274514,18615200
10/25/18,0.274563,0.274563,0.260573,0.268946,0.268946,10132000
10/26/18,0.268295,0.272928,0.260206,0.263458,0.263458,7179510
10/27/18,0.263009,0.265571,0.242131,0.244517,0.244517,8040620
10/28/18,0.24546,0.254194,0.24283,0.250345,0.250345,5485490
10/29/18,0.249942,0.249942,0.228043,0.232155,0.232155,6602700
10/30/18,0.232169,0.256075,0.231818,0.248102,0.248102,10665500
10/31/18,0.248069,0.250503,0.23943,0.245735,0.245735,5479440
11/1/18,0.245535,0.256781,0.242225,0.252364,0.252364,8420500
11/2/18,0.252464,0.317795,0.252464,0.304374,0.304374,46682000
11/3/18,0.301744,0.307514,0.284421,0.289792,0.289792,34185000
11/4/18,0.289761,0.298206,0.283985,0.289806,0.289806,12543600
11/5/18,0.289999,0.32729,0.289259,0.308877,0.308877,33695000
11/6/18,0.309311,0.317195,0.301609,0.316646,0.316646,17865500
11/7/18,0.317151,0.34566,0.310529,0.337816,0.337816,24219800
11/8/18,0.33863,0.381115,0.304976,0.304976,0.304976,72135500
11/9/18,0.307286,0.318408,0.271531,0.277001,0.277001,40532300
11/10/18,0.28009,0.282884,0.265414,0.276452,0.276452,23733100
11/11/18,0.276769,0.279638,0.25079,0.255775,0.255775,20327700
11/12/18,0.257557,0.260545,0.24382,0.25034,0.25034,12740100
11/13/18,0.249364,0.264937,0.24152,0.243289,0.243289,15577400
11/14/18,0.2435,0.245726,0.193023,0.214452,0.214452,13271800
11/15/18,0.214634,0.215156,0.183711,0.215156,0.215156,11847100
11/16/18,0.21674,0.230954,0.21087,0.224874,0.224874,13186300
11/17/18,0.225412,0.225412,0.210357,0.213502,0.213502,7048980
11/18/18,0.214003,0.219566,0.212835,0.214474,0.214474,5428760
11/19/18,0.214858,0.215025,0.173953,0.180777,0.180777,7677320
11/20/18,0.179533,0.186471,0.147344,0.160542,0.160542,7681120
11/21/18,0.160983,0.175237,0.154648,0.175237,0.175237,4926950
11/22/18,0.174402,0.186098,0.172031,0.172165,0.172165,10927800
11/23/18,0.170137,0.173787,0.157968,0.16178,0.16178,5287560
11/24/18,0.161558,0.16969,0.141332,0.146936,0.146936,3778380
11/25/18,0.146993,0.148135,0.12554,0.144664,0.144664,5374920
11/26/18,0.145143,0.156437,0.13193,0.137441,0.137441,5828300
11/27/18,0.138125,0.143805,0.131171,0.140898,0.140898,5267680
11/28/18,0.141322,0.173727,0.141136,0.170936,0.170936,11377300
11/29/18,0.17694,0.1781,0.161458,0.169768,0.169768,12122694
11/30/18,0.170099,0.174414,0.158515,0.168052,0.168052,8729725
12/1/18,0.16821,0.177778,0.162464,0.176743,0.176743,4763369
12/2/18,0.176599,0.182887,0.172584,0.181796,0.181796,5241382
12/3/18,0.183725,0.183725,0.159962,0.166837,0.166837,6235924
12/4/18,0.166499,0.169731,0.160883,0.163748,0.163748,4332403
12/5/18,0.163902,0.166095,0.146949,0.148618,0.148618,6148645
12/6/18,0.148685,0.153482,0.126409,0.126409,0.126409,6306072
12/7/18,0.126485,0.138288,0.122462,0.135751,0.135751,8499658
12/8/18,0.13615,0.141808,0.13028,0.138021,0.138021,4735983
12/9/18,0.137636,0.151327,0.137594,0.143979,0.143979,4674437
12/10/18,0.143813,0.145111,0.136765,0.141156,0.141156,4166665
12/11/18,0.140337,0.146258,0.135596,0.137083,0.137083,4811035
12/12/18,0.136878,0.144262,0.13651,0.140454,0.140454,4404018
12/13/18,0.140639,0.140794,0.130892,0.13214,0.13214,3929137
12/14/18,0.132209,0.133368,0.130087,0.132095,0.132095,3930277
12/15/18,0.131969,0.132895,0.122634,0.126136,0.126136,4555190
12/16/18,0.12622,0.131816,0.12622,0.129093,0.129093,3336768
12/17/18,0.129369,0.142347,0.127429,0.138598,0.138598,4736567
12/18/18,0.138816,0.141547,0.131466,0.141547,0.141547,5252257
12/19/18,0.141889,0.148352,0.13709,0.138062,0.138062,6255357
12/20/18,0.137729,0.149788,0.136609,0.149788,0.149788,6647000
12/21/18,0.149548,0.150645,0.13759,0.139191,0.139191,6679324
12/22/18,0.138929,0.1512,0.138766,0.14918,0.14918,7697639
12/23/18,0.1491,0.154657,0.147168,0.148753,0.148753,5126892
12/24/18,0.148721,0.157387,0.14831,0.150679,0.150679,8222204
12/25/18,0.150814,0.150814,0.132971,0.139177,0.139177,4481958
12/26/18,0.139404,0.144744,0.137975,0.141714,0.141714,4420649
12/27/18,0.14211,0.14211,0.128171,0.128489,0.128489,5330379
12/28/18,0.128578,0.140594,0.128151,0.139647,0.139647,7488539
12/29/18,0.139731,0.143814,0.135971,0.13613,0.13613,4586082
12/30/18,0.136094,0.139625,0.135087,0.138512,0.138512,3972638
12/31/18,0.138579,0.138579,0.127113,0.128429,0.128429,4305989
1/1/19,0.12882,0.132569,0.127384,0.131343,0.131343,5199965
1/2/19,0.131875,0.137089,0.13051,0.135878,0.135878,3753377
1/3/19,0.135957,0.136,0.131079,0.131839,0.131839,4120653
1/4/19,0.132086,0.139929,0.131286,0.138424,0.138424,5946185
1/5/19,0.138123,0.140613,0.136217,0.136645,0.136645,3957046
1/6/19,0.136656,0.14286,0.134464,0.140803,0.140803,4688919
1/7/19,0.141259,0.141511,0.137603,0.137931,0.137931,2769540
1/8/19,0.138265,0.142255,0.13727,0.140805,0.140805,2732318
1/9/19,0.141032,0.145372,0.140752,0.141753,0.141753,2683592
1/10/19,0.141983,0.142626,0.121206,0.125552,0.125552,4850984
1/11/19,0.124999,0.132213,0.124804,0.129713,0.129713,5816050
1/12/19,0.129871,0.134924,0.127031,0.131387,0.131387,5047466
1/13/19,0.131198,0.131294,0.120299,0.120674,0.120674,4337655
1/14/19,0.120755,0.127068,0.119942,0.125732,0.125732,4744138
1/15/19,0.125746,0.126489,0.120356,0.121508,0.121508,4832972
1/16/19,0.121096,0.126787,0.120619,0.124662,0.124662,5443251
1/17/19,0.124802,0.129176,0.124329,0.129176,0.129176,18767257
1/18/19,0.129168,0.133246,0.124406,0.125949,0.125949,9073875
1/19/19,0.125909,0.1302,0.125692,0.129787,0.129787,7709202
1/20/19,0.12958,0.131166,0.121655,0.124779,0.124779,8654298
1/21/19,0.12473,0.125075,0.120572,0.12218,0.12218,7717112
1/22/19,0.122237,0.124724,0.120645,0.12378,0.12378,10843096
1/23/19,0.123842,0.125025,0.121789,0.122508,0.122508,13152102
1/24/19,0.12266,0.124249,0.121978,0.123928,0.123928,13939953
1/25/19,0.124203,0.128967,0.123656,0.128301,0.128301,13730273
1/26/19,0.128415,0.128965,0.125262,0.126224,0.126224,8093492
1/27/19,0.126143,0.126769,0.123358,0.124241,0.124241,8583969
1/28/19,0.124917,0.125044,0.111415,0.113024,0.113024,11354674
1/29/19,0.112864,0.11538,0.109959,0.11446,0.11446,9667901
1/30/19,0.114926,0.117531,0.11312,0.115821,0.115821,8542111
1/31/19,0.11585,0.116403,0.111431,0.113711,0.113711,8092347
2/1/19,0.113248,0.114452,0.110764,0.111662,0.111662,7375113
2/2/19,0.111699,0.112957,0.11071,0.112863,0.112863,7073118
2/3/19,0.112932,0.113079,0.109919,0.110797,0.110797,7367355
2/4/19,0.11099,0.111091,0.108749,0.109163,0.109163,6505285
2/5/19,0.10885,0.109131,0.105206,0.105539,0.105539,7476215
2/6/19,0.105461,0.134299,0.101932,0.116758,0.116758,19808591
2/7/19,0.116851,0.12426,0.112066,0.114314,0.114314,23632721
2/8/19,0.114609,0.122315,0.111752,0.119064,0.119064,15159047
2/9/19,0.119604,0.12002,0.117635,0.119201,0.119201,9926685
2/10/19,0.119078,0.129992,0.118767,0.124895,0.124895,13309563
2/11/19,0.12508,0.12508,0.120331,0.120331,0.120331,9788125
2/12/19,0.120517,0.120517,0.118098,0.118862,0.118862,9155892
2/13/19,0.118893,0.12184,0.118536,0.121619,0.121619,9347925
2/14/19,0.121413,0.129247,0.121413,0.125524,0.125524,13023983
2/15/19,0.126026,0.13144,0.125988,0.12892,0.12892,10908803
2/16/19,0.129049,0.131882,0.127345,0.128665,0.128665,8822687
2/17/19,0.128653,0.140462,0.127751,0.137783,0.137783,12808808
2/18/19,0.137668,0.145495,0.137223,0.143147,0.143147,13252727
2/19/19,0.142992,0.14453,0.137069,0.14047,0.14047,9265736
2/20/19,0.140431,0.143264,0.138964,0.142754,0.142754,8952054
2/21/19,0.142604,0.142604,0.134753,0.136091,0.136091,9454220
2/22/19,0.136294,0.137861,0.134264,0.136812,0.136812,7311240
2/23/19,0.136591,0.144439,0.1359,0.141483,0.141483,7080790
2/24/19,0.141489,0.144919,0.127629,0.132111,0.132111,8368221
2/25/19,0.131663,0.152655,0.130296,0.148485,0.148485,12247504
2/26/19,0.147341,0.191211,0.143498,0.164838,0.164838,69099758
2/27/19,0.162554,0.162554,0.150752,0.158353,0.158353,22855020
2/28/19,0.158165,0.166379,0.155639,0.16288,0.16288,18387050
3/1/19,0.163287,0.168548,0.161639,0.164643,0.164643,11595359
3/2/19,0.164202,0.193035,0.164202,0.179926,0.179926,35265839
3/3/19,0.179179,0.179289,0.169678,0.170575,0.170575,17424264
3/4/19,0.170604,0.176045,0.160556,0.168719,0.168719,21909568
3/5/19,0.168741,0.178941,0.167925,0.1774,0.1774,19228044
3/6/19,0.177486,0.178039,0.172779,0.174594,0.174594,13573352
3/7/19,0.17465,0.184978,0.171874,0.181651,0.181651,13185413
3/8/19,0.181948,0.20681,0.1819,0.19532,0.19532,35084234
3/9/19,0.195863,0.212169,0.191425,0.206931,0.206931,39356470
3/10/19,0.207841,0.212651,0.197111,0.197483,0.197483,27789139
3/11/19,0.197616,0.20149,0.189713,0.193109,0.193109,21896785
3/12/19,0.192884,0.19853,0.184548,0.193372,0.193372,22668345
3/13/19,0.19355,0.197576,0.189943,0.190214,0.190214,13792918
3/14/19,0.190265,0.200132,0.186589,0.194224,0.194224,15604554
3/15/19,0.194022,0.200468,0.193845,0.197073,0.197073,7943164
3/16/19,0.19732,0.200741,0.196345,0.199253,0.199253,6535259
3/17/19,0.19913,0.199448,0.194298,0.195199,0.195199,5530914
3/18/19,0.195215,0.198538,0.192719,0.195642,0.195642,7922145
3/19/19,0.195565,0.196507,0.193542,0.194373,0.194373,8321455
3/20/19,0.194524,0.195166,0.190011,0.195065,0.195065,10284910
3/21/19,0.19549,0.199146,0.190211,0.195983,0.195983,13610465
3/22/19,0.195866,0.200504,0.19373,0.198347,0.198347,13738153
3/23/19,0.198279,0.202799,0.198013,0.201546,0.201546,12343781
3/24/19,0.201442,0.220188,0.201442,0.209909,0.209909,24249140
3/25/19,0.210041,0.210886,0.200054,0.20463,0.20463,16604597
3/26/19,0.204176,0.221057,0.204176,0.217075,0.217075,24164238
3/27/19,0.217437,0.229119,0.213552,0.22782,0.22782,20496999
3/28/19,0.227765,0.261262,0.225994,0.254436,0.254436,31437777
3/29/19,0.253998,0.307466,0.253998,0.281778,0.281778,65953482
3/30/19,0.281787,0.285332,0.258396,0.27108,0.27108,29106944
3/31/19,0.27108,0.290087,0.264487,0.289596,0.289596,21295814
4/1/19,0.287359,0.304667,0.284441,0.284441,0.284441,33115370
4/2/19,0.284567,0.321107,0.283532,0.321107,0.321107,37763598
4/3/19,0.321134,0.32148,0.279188,0.286875,0.286875,35462999
4/4/19,0.286656,0.303814,0.272874,0.284135,0.284135,42424782
4/5/19,0.283354,0.315584,0.283354,0.308017,0.308017,48745448
4/6/19,0.308202,0.314462,0.297941,0.303207,0.303207,40740487
4/7/19,0.303184,0.30925,0.296869,0.300154,0.300154,37628482
4/8/19,0.300265,0.304621,0.289948,0.295371,0.295371,38673110
4/9/19,0.295285,0.295285,0.286045,0.290387,0.290387,43044271
4/10/19,0.290449,0.302808,0.289391,0.293985,0.293985,31467602
4/11/19,0.293958,0.294683,0.261842,0.271218,0.271218,27688288
4/12/19,0.270897,0.290031,0.263052,0.288884,0.288884,36982423
4/13/19,0.288873,0.313137,0.284495,0.311498,0.311498,39636965
4/14/19,0.311462,0.329405,0.302796,0.306749,0.306749,48248475
4/15/19,0.306749,0.31513,0.290234,0.294271,0.294271,39106011
4/16/19,0.294287,0.331769,0.292317,0.325965,0.325965,45545451
4/17/19,0.32582,0.337816,0.319777,0.334325,0.334325,46733876
4/18/19,0.33463,0.368357,0.334626,0.35192,0.35192,54029800
4/19/19,0.351513,0.383214,0.347807,0.3776,0.3776,47719971
4/20/19,0.377664,0.434861,0.373942,0.414227,0.414227,96849014
4/21/19,0.414279,0.499337,0.404576,0.444291,0.444291,174394378
4/22/19,0.443613,0.457521,0.395189,0.400512,0.400512,94332520
4/23/19,0.400289,0.450784,0.387407,0.421706,0.421706,104016940
4/24/19,0.422864,0.45126,0.399441,0.416571,0.416571,116987322
4/25/19,0.416599,0.43422,0.383938,0.386984,0.386984,69195109
4/26/19,0.388048,0.39432,0.365384,0.377215,0.377215,62898760
4/27/19,0.37745,0.394496,0.365996,0.390431,0.390431,47476913
4/28/19,0.390385,0.419179,0.388845,0.403177,0.403177,57901244
4/29/19,0.403393,0.404644,0.372833,0.376693,0.376693,44449595
4/30/19,0.376529,0.397967,0.373548,0.38442,0.38442,43235073
5/1/19,0.38447,0.39497,0.378638,0.389092,0.389092,44678365
5/2/19,0.38912,0.39509,0.377171,0.380055,0.380055,41588179
5/3/19,0.380109,0.387283,0.368284,0.378186,0.378186,50924181
5/4/19,0.378186,0.380597,0.348743,0.360978,0.360978,45736953
5/5/19,0.361372,0.371885,0.356433,0.358949,0.358949,35837566
5/6/19,0.35879,0.359426,0.334348,0.345647,0.345647,40146272
5/7/19,0.345446,0.350876,0.316822,0.317269,0.317269,40871517
5/8/19,0.317187,0.332729,0.309786,0.31403,0.31403,38206504
5/9/19,0.31403,0.317232,0.27571,0.281183,0.281183,52631779
5/10/19,0.281422,0.373701,0.280887,0.363884,0.363884,114277883
5/11/19,0.364126,0.38235,0.344294,0.368901,0.368901,102933090
5/12/19,0.369045,0.406391,0.33929,0.35362,0.35362,80499845
5/13/19,0.35362,0.36459,0.350153,0.356282,0.356282,59036830
5/14/19,0.35718,0.374383,0.348899,0.365415,0.365415,52737655
5/15/19,0.365326,0.40755,0.361357,0.405926,0.405926,54379390
5/16/19,0.405339,0.426843,0.367286,0.378718,0.378718,59716743
5/17/19,0.378243,0.381889,0.33858,0.369372,0.369372,62316852
5/18/19,0.369289,0.401347,0.363211,0.373235,0.373235,66522132
5/19/19,0.373236,0.393263,0.371256,0.384338,0.384338,63773771
5/20/19,0.384495,0.384662,0.355581,0.363433,0.363433,60159707
5/21/19,0.363394,0.375045,0.350809,0.367879,0.367879,81347082
5/22/19,0.367107,0.369802,0.338568,0.345308,0.345308,44833677
5/23/19,0.345298,0.348684,0.326927,0.348684,0.348684,51326173
5/24/19,0.348837,0.360204,0.343622,0.351853,0.351853,56666778
5/25/19,0.351853,0.356017,0.345714,0.348603,0.348603,44698296
5/26/19,0.348438,0.35687,0.341822,0.353908,0.353908,50611929
5/27/19,0.354014,0.387582,0.353339,0.377659,0.377659,67307227
5/28/19,0.377856,0.378794,0.361597,0.369532,0.369532,53640218
5/29/19,0.369704,0.369704,0.34914,0.361843,0.361843,48199125
5/30/19,0.361618,0.380639,0.324967,0.338844,0.338844,64090459
5/31/19,0.338844,0.350177,0.323826,0.348868,0.348868,45810348
6/1/19,0.348889,0.361583,0.343141,0.356221,0.356221,48220313
6/2/19,0.356579,0.366801,0.354572,0.357814,0.357814,44002199
6/3/19,0.357652,0.372539,0.340878,0.344383,0.344383,58328368
6/4/19,0.344347,0.356283,0.32344,0.330181,0.330181,62491061
6/5/19,0.330727,0.343718,0.320533,0.329293,0.329293,49552675
6/6/19,0.329383,0.338289,0.312765,0.329133,0.329133,46949705
6/7/19,0.329009,0.347751,0.326273,0.340255,0.340255,50813072
6/8/19,0.339976,0.35014,0.331737,0.338046,0.338046,47435148
6/9/19,0.338145,0.343649,0.314971,0.320448,0.320448,46052561
6/10/19,0.320104,0.336152,0.315347,0.333754,0.333754,39884718
6/11/19,0.333749,0.334968,0.321668,0.325235,0.325235,33853944
6/12/19,0.325565,0.337008,0.324877,0.333815,0.333815,39051028
6/13/19,0.333599,0.334613,0.324131,0.325424,0.325424,40819644
6/14/19,0.325757,0.327389,0.311181,0.319445,0.319445,47368610
6/15/19,0.319498,0.333692,0.318373,0.329506,0.329506,46140839
6/16/19,0.329445,0.337513,0.322882,0.335986,0.335986,51214896
6/17/19,0.336212,0.366638,0.335485,0.344499,0.344499,49693970
6/18/19,0.3444,0.350259,0.336893,0.350003,0.350003,41272916
6/19/19,0.35022,0.351638,0.33943,0.34027,0.34027,32078834
6/20/19,0.340223,0.343264,0.321845,0.330571,0.330571,37610285
6/21/19,0.330753,0.333854,0.325004,0.328388,0.328388,32420774
6/22/19,0.32865,0.339133,0.315036,0.330638,0.330638,60933698
6/23/19,0.330776,0.335676,0.321435,0.323773,0.323773,41221681
6/24/19,0.323773,0.330528,0.319584,0.322935,0.322935,34872119
6/25/19,0.322632,0.324618,0.31359,0.315069,0.315069,41528621
6/26/19,0.314964,0.32717,0.298263,0.303751,0.303751,65878694
6/27/19,0.303352,0.308326,0.275774,0.285733,0.285733,42279373
6/28/19,0.285971,0.295748,0.276976,0.29228,0.29228,29631697
6/29/19,0.292176,0.323124,0.280434,0.322548,0.322548,43318022
6/30/19,0.322344,0.341072,0.290251,0.29492,0.29492,46639666
7/1/19,0.295181,0.345007,0.294827,0.32925,0.32925,84217611
7/2/19,0.329079,0.335679,0.300786,0.320836,0.320836,57514035
7/3/19,0.320968,0.322647,0.303706,0.310095,0.310095,43054022
7/4/19,0.310129,0.314028,0.292019,0.294556,0.294556,32846119
7/5/19,0.294574,0.302013,0.29074,0.294779,0.294779,27391570
7/6/19,0.294773,0.29781,0.290883,0.293264,0.293264,24136952
7/7/19,0.293419,0.306078,0.291562,0.299855,0.299855,21465177
7/8/19,0.299475,0.318643,0.297476,0.29792,0.29792,31447489
7/9/19,0.29799,0.303868,0.291298,0.294936,0.294936,26574512
7/10/19,0.295149,0.326714,0.286132,0.296258,0.296258,40442354
7/11/19,0.296109,0.299162,0.273234,0.292996,0.292996,34700961
7/12/19,0.293873,0.297365,0.28009,0.291175,0.291175,28509531
7/13/19,0.291508,0.295352,0.280739,0.286967,0.286967,22429157
7/14/19,0.287101,0.28736,0.249852,0.249876,0.249876,21713859
7/15/19,0.249743,0.251351,0.226862,0.248664,0.248664,24302916
7/16/19,0.248548,0.249985,0.203157,0.20595,0.20595,22631125
7/17/19,0.205582,0.226001,0.202265,0.217546,0.217546,22064636
7/18/19,0.217645,0.23489,0.209617,0.233079,0.233079,23259263
7/19/19,0.233012,0.256317,0.231028,0.246425,0.246425,31898402
7/20/19,0.246317,0.262852,0.24525,0.254637,0.254637,25051053
7/21/19,0.255018,0.258041,0.242369,0.2489,0.2489,15841354
7/22/19,0.248961,0.25411,0.238294,0.245638,0.245638,15720865
7/23/19,0.245612,0.253443,0.230675,0.231356,0.231356,17007689
7/24/19,0.231385,0.236933,0.223463,0.2329,0.2329,15710262
7/25/19,0.232923,0.240633,0.232242,0.234193,0.234193,13118854
7/26/19,0.234174,0.263025,0.230197,0.262156,0.262156,26929048
7/27/19,0.26206,0.277185,0.248517,0.269844,0.269844,47643016
7/28/19,0.270109,0.277399,0.246237,0.257962,0.257962,31459364
7/29/19,0.257567,0.26354,0.251548,0.254398,0.254398,21933638
7/30/19,0.254443,0.255434,0.243404,0.247087,0.247087,21332339
7/31/19,0.247091,0.253305,0.244993,0.247068,0.247068,17523069
8/1/19,0.247084,0.247123,0.234563,0.237122,0.237122,19660032
8/2/19,0.237189,0.244805,0.233258,0.235728,0.235728,27520584
8/3/19,0.235749,0.23855,0.232354,0.23528,0.23528,24757141
8/4/19,0.235294,0.241234,0.231603,0.236309,0.236309,24077010
8/5/19,0.236404,0.241843,0.232346,0.234478,0.234478,32909332
8/6/19,0.234417,0.235981,0.21691,0.217389,0.217389,29351697
8/7/19,0.217438,0.23298,0.213877,0.221299,0.221299,32886594
8/8/19,0.221503,0.231267,0.207551,0.209671,0.209671,34295280
8/9/19,0.209518,0.211549,0.197152,0.199289,0.199289,23119825
8/10/19,0.199341,0.213593,0.198326,0.202651,0.202651,23198772
8/11/19,0.202737,0.208751,0.201465,0.207989,0.207989,28260982
8/12/19,0.208032,0.208032,0.200365,0.203221,0.203221,23406654
8/13/19,0.203249,0.20565,0.193145,0.196376,0.196376,30158571
8/14/19,0.196396,0.198587,0.168223,0.168561,0.168561,32235373
8/15/19,0.168801,0.187271,0.166261,0.186974,0.186974,23576495
8/16/19,0.186945,0.188103,0.175246,0.179344,0.179344,24957560
8/17/19,0.179416,0.181315,0.175303,0.176841,0.176841,18101038
8/18/19,0.176744,0.188072,0.1756,0.184715,0.184715,20628993
8/19/19,0.184786,0.188435,0.183584,0.185861,0.185861,21166999
8/20/19,0.185714,0.185885,0.1787,0.179856,0.179856,16552291
8/21/19,0.17977,0.188456,0.169081,0.182664,0.182664,29505167
8/22/19,0.182565,0.202398,0.176635,0.199377,0.199377,48270324
8/23/19,0.199251,0.203192,0.192187,0.202022,0.202022,31815795
8/24/19,0.201993,0.206446,0.194739,0.20322,0.20322,30352324
8/25/19,0.203231,0.206825,0.190805,0.191669,0.191669,25258318
8/26/19,0.192009,0.194707,0.186912,0.188639,0.188639,28063007
8/27/19,0.188641,0.189321,0.178835,0.188807,0.188807,27555790
8/28/19,0.188848,0.198509,0.17702,0.183155,0.183155,29898462
8/29/19,0.183174,0.183247,0.169081,0.170754,0.170754,23936650
8/30/19,0.170814,0.180231,0.169149,0.178466,0.178466,17441524
8/31/19,0.178567,0.18195,0.175331,0.177824,0.177824,17021829
9/1/19,0.177724,0.184512,0.176314,0.181692,0.181692,18993525
9/2/19,0.181527,0.182812,0.177294,0.182812,0.182812,20578119
9/3/19,0.183332,0.186197,0.177066,0.17874,0.17874,26971415
9/4/19,0.17873,0.18021,0.175548,0.176039,0.176039,19097055
9/5/19,0.176035,0.176658,0.169903,0.172489,0.172489,18543164
9/6/19,0.172502,0.172502,0.164106,0.166958,0.166958,20998264
9/7/19,0.166823,0.178466,0.165183,0.174627,0.174627,21054098
9/8/19,0.174676,0.178703,0.173305,0.176179,0.176179,20694362
9/9/19,0.176198,0.177406,0.165521,0.172776,0.172776,25048718
9/10/19,0.1729,0.17842,0.172471,0.172594,0.172594,24440018
9/11/19,0.172758,0.174007,0.168624,0.170742,0.170742,19872496
9/12/19,0.170791,0.177828,0.170113,0.172114,0.172114,23439973
9/13/19,0.171971,0.174539,0.170239,0.171996,0.171996,18489098
9/14/19,0.171969,0.174789,0.171006,0.174301,0.174301,16780411
9/15/19,0.174256,0.175862,0.173245,0.174199,0.174199,15713122
9/16/19,0.174205,0.179384,0.173282,0.178356,0.178356,22705368
9/17/19,0.178366,0.186524,0.177248,0.185015,0.185015,23934409
9/18/19,0.184968,0.198213,0.18394,0.19802,0.19802,34783158
9/19/19,0.197971,0.198042,0.18325,0.196145,0.196145,29577890
9/20/19,0.196309,0.214761,0.191646,0.211133,0.211133,45196056
9/21/19,0.2112,0.221243,0.204749,0.206358,0.206358,38786413
9/22/19,0.206195,0.206618,0.191257,0.191992,0.191992,30144781
9/23/19,0.191885,0.205554,0.186863,0.187149,0.187149,28430452
9/24/19,0.187202,0.19147,0.157195,0.157306,0.157306,30678987
9/25/19,0.156949,0.166046,0.148926,0.161747,0.161747,32596989
9/26/19,0.161551,0.168926,0.147999,0.152958,0.152958,24916145
9/27/19,0.152928,0.169091,0.150742,0.168669,0.168669,25277674
9/28/19,0.168678,0.16895,0.160557,0.165313,0.165313,20500802
9/29/19,0.165316,0.165447,0.158159,0.159298,0.159298,22458471
9/30/19,0.159273,0.172925,0.153429,0.172738,0.172738,26767637
10/1/19,0.172696,0.173818,0.163564,0.165223,0.165223,23409090
10/2/19,0.164927,0.169756,0.163958,0.169388,0.169388,17193851
10/3/19,0.169354,0.184323,0.167164,0.181952,0.181952,25523310
10/4/19,0.181751,0.20022,0.177393,0.187199,0.187199,43633366
10/5/19,0.18692,0.19777,0.180901,0.197001,0.197001,29169813
10/6/19,0.196934,0.205737,0.186671,0.188637,0.188637,33534471
10/7/19,0.188162,0.197198,0.185961,0.194906,0.194906,30592770
10/8/19,0.194869,0.214601,0.194362,0.211477,0.211477,35841459
10/9/19,0.211553,0.215727,0.196496,0.207543,0.207543,42497296
10/10/19,0.207453,0.207615,0.193601,0.195556,0.195556,31907736
10/11/19,0.195533,0.198281,0.187835,0.190393,0.190393,27646679
10/12/19,0.190287,0.197538,0.190196,0.19736,0.19736,25254152
10/13/19,0.19738,0.206008,0.194577,0.20331,0.20331,29377109
10/14/19,0.20331,0.216021,0.201846,0.215282,0.215282,34151018
10/15/19,0.215219,0.237698,0.2136,0.222573,0.222573,54341764
10/16/19,0.222609,0.222655,0.200993,0.219856,0.219856,44073163
10/17/19,0.219946,0.231501,0.215239,0.222175,0.222175,35776755
10/18/19,0.222175,0.230189,0.217846,0.219235,0.219235,30800456
10/19/19,0.219316,0.220845,0.212086,0.212369,0.212369,39323678
10/20/19,0.212291,0.226869,0.207861,0.226761,0.226761,46851388
10/21/19,0.226668,0.227876,0.216995,0.218037,0.218037,42571449
10/22/19,0.218064,0.248181,0.21424,0.242527,0.242527,73572530
10/23/19,0.242424,0.257579,0.227244,0.241804,0.241804,99909726
10/24/19,0.241808,0.255442,0.235087,0.238201,0.238201,77711020
10/25/19,0.238297,0.256772,0.231495,0.253704,0.253704,74789247
10/26/19,0.253732,0.264397,0.235524,0.236372,0.236372,74917742
10/27/19,0.236482,0.244873,0.231711,0.24009,0.24009,68796669
10/28/19,0.239841,0.244878,0.234687,0.238891,0.238891,63834587
10/29/19,0.238854,0.241497,0.232192,0.235615,0.235615,54797074
10/30/19,0.235656,0.237273,0.222078,0.235093,0.235093,52802718
10/31/19,0.235043,0.248208,0.230209,0.234045,0.234045,56176143
11/1/19,0.233986,0.238107,0.227545,0.235579,0.235579,52461373
11/2/19,0.235557,0.238005,0.233266,0.234685,0.234685,42712116
11/3/19,0.234583,0.235688,0.230808,0.232455,0.232455,42875618
11/4/19,0.232398,0.24536,0.232228,0.244276,0.244276,59648443
11/5/19,0.244172,0.25563,0.240196,0.251742,0.251742,58611210
11/6/19,0.251966,0.264289,0.25011,0.263042,0.263042,63001364
11/7/19,0.262777,0.263485,0.251059,0.252833,0.252833,48906926
11/8/19,0.253066,0.254875,0.22847,0.238165,0.238165,57831580
11/9/19,0.23828,0.248686,0.236948,0.248686,0.248686,50386934
11/10/19,0.248969,0.251659,0.245462,0.246648,0.246648,56055728
11/11/19,0.246867,0.248198,0.237927,0.24243,0.24243,50668589
11/12/19,0.242265,0.244064,0.239203,0.241835,0.241835,46089760
11/13/19,0.241841,0.25687,0.240714,0.255408,0.255408,55501381
11/14/19,0.255338,0.263916,0.253741,0.257811,0.257811,76919032
11/15/19,0.257799,0.261237,0.246548,0.250756,0.250756,57576207
11/16/19,0.250859,0.271096,0.25025,0.26956,0.26956,60116631
11/17/19,0.269598,0.282319,0.260705,0.277868,0.277868,79036662
11/18/19,0.27779,0.278698,0.261361,0.266433,0.266433,65544975
11/19/19,0.266308,0.271283,0.243247,0.252056,0.252056,76652966
11/20/19,0.252056,0.253109,0.235225,0.235698,0.235698,63831001
11/21/19,0.235646,0.24408,0.216618,0.222107,0.222107,66774687
11/22/19,0.222131,0.22522,0.195918,0.220183,0.220183,74492632
11/23/19,0.220091,0.223622,0.20518,0.222479,0.222479,65879372
11/24/19,0.222419,0.223865,0.208144,0.208225,0.208225,49123099
11/25/19,0.207822,0.219088,0.19526,0.206318,0.206318,58832885
11/26/19,0.206555,0.211083,0.203362,0.206084,0.206084,59512306
11/27/19,0.205389,0.209604,0.192749,0.204103,0.204103,64954174
11/28/19,0.204082,0.210721,0.202689,0.206987,0.206987,56439565
11/29/19,0.207322,0.216435,0.206911,0.216149,0.216149,56490553
11/30/19,0.216162,0.217313,0.203128,0.204476,0.204476,47542174
12/1/19,0.204713,0.204741,0.193207,0.197244,0.197244,47982411
12/2/19,0.197394,0.197542,0.186666,0.18905,0.18905,54950195
12/3/19,0.189252,0.197524,0.188733,0.196692,0.196692,53719456
12/4/19,0.196711,0.196711,0.182346,0.183617,0.183617,62223456
12/5/19,0.183379,0.189069,0.181204,0.18759,0.18759,47940697
12/6/19,0.18764,0.195017,0.18764,0.194485,0.194485,48523065
12/7/19,0.194456,0.196527,0.189926,0.190073,0.190073,53741150
12/8/19,0.190109,0.192385,0.188294,0.190088,0.190088,52346953
12/9/19,0.190093,0.193301,0.185945,0.18657,0.18657,54696455
12/10/19,0.186409,0.187346,0.173978,0.176536,0.176536,67473458
12/11/19,0.176347,0.180841,0.175468,0.177145,0.177145,54444867
12/12/19,0.177149,0.177906,0.174106,0.175804,0.175804,51915861
12/13/19,0.17578,0.191597,0.174835,0.188409,0.188409,66814278
12/14/19,0.188506,0.191193,0.179032,0.18089,0.18089,59458933
12/15/19,0.181079,0.186782,0.176063,0.185314,0.185314,57617486
12/16/19,0.18516,0.19207,0.175334,0.175936,0.175936,57528977
12/17/19,0.176098,0.176808,0.152258,0.155902,0.155902,63619513
12/18/19,0.15575,0.170202,0.149395,0.168435,0.168435,71578609
12/19/19,0.168571,0.169297,0.161119,0.168277,0.168277,57422264
12/20/19,0.168297,0.173131,0.165762,0.171327,0.171327,52286049
12/21/19,0.171424,0.174579,0.168094,0.168399,0.168399,50517132
12/22/19,0.168311,0.174463,0.167667,0.173439,0.173439,50835515
12/23/19,0.173448,0.173657,0.16337,0.164182,0.164182,52227115
12/24/19,0.164061,0.172803,0.163328,0.167216,0.167216,49113737
12/25/19,0.167214,0.167803,0.162212,0.163157,0.163157,44723117
12/26/19,0.162984,0.168739,0.162017,0.1647,0.1647,44019391
12/27/19,0.164714,0.16965,0.163986,0.16965,0.16965,41612685
12/28/19,0.169652,0.186777,0.169577,0.1857,0.1857,68500348
12/29/19,0.185619,0.196641,0.185064,0.192579,0.192579,74591022
12/30/19,0.192722,0.199973,0.188163,0.19058,0.19058,67737772
12/31/19,0.190676,0.194272,0.180881,0.181768,0.181768,55600479
1/1/20,0.181816,0.197126,0.180976,0.196129,0.196129,54964262
1/2/20,0.196123,0.196442,0.183375,0.183821,0.183821,52616967
1/3/20,0.183649,0.192417,0.181661,0.187701,0.187701,55439573
1/4/20,0.187587,0.19093,0.184939,0.189891,0.189891,43280231
1/5/20,0.189803,0.193824,0.188223,0.188898,0.188898,46686533
1/6/20,0.189163,0.19646,0.188995,0.192032,0.192032,50966011
1/7/20,0.191971,0.197265,0.191833,0.193379,0.193379,57682961
1/8/20,0.193508,0.194834,0.184022,0.184202,0.184202,54340205
1/9/20,0.184185,0.188964,0.182263,0.186361,0.186361,50598041
1/10/20,0.18613,0.187952,0.182987,0.187409,0.187409,48947327
1/11/20,0.187455,0.193383,0.186866,0.189747,0.189747,47013777
1/12/20,0.189699,0.192593,0.188862,0.191303,0.191303,42369470
1/13/20,0.19122,0.191584,0.187227,0.187814,0.187814,44799749
1/14/20,0.18778,0.213134,0.187292,0.212436,0.212436,63840081
1/15/20,0.2124,0.237217,0.211481,0.219713,0.219713,92447507
1/16/20,0.219983,0.221485,0.210547,0.217673,0.217673,53452385
1/17/20,0.217698,0.232665,0.214255,0.229728,0.229728,68894095
1/18/20,0.22966,0.231689,0.219281,0.224644,0.224644,59923625
1/19/20,0.224799,0.228579,0.209111,0.214455,0.214455,57775448
1/20/20,0.214349,0.224092,0.210432,0.221714,0.221714,62412074
1/21/20,0.221798,0.224413,0.214153,0.220275,0.220275,55120770
1/22/20,0.220137,0.221423,0.217089,0.219458,0.219458,46002292
1/23/20,0.219143,0.219516,0.205425,0.208167,0.208167,49020267
1/24/20,0.208244,0.208266,0.200771,0.207246,0.207246,44967053
1/25/20,0.207349,0.207404,0.202128,0.204836,0.204836,41628366
1/26/20,0.204678,0.212331,0.203494,0.211612,0.211612,47850762
1/27/20,0.211765,0.228041,0.211605,0.22685,0.22685,60294391
1/28/20,0.226765,0.229693,0.2166,0.222147,0.222147,69251607
1/29/20,0.222139,0.22479,0.218727,0.219619,0.219619,65190942
1/30/20,0.219482,0.223557,0.216337,0.223296,0.223296,60868516
1/31/20,0.223112,0.224758,0.213615,0.219153,0.219153,55872703
2/1/20,0.21922,0.224723,0.21922,0.224324,0.224324,48405258
2/2/20,0.224037,0.229802,0.220734,0.223382,0.223382,52190150
2/3/20,0.223217,0.237378,0.222454,0.235587,0.235587,61713475
2/4/20,0.235532,0.250166,0.232057,0.244147,0.244147,99684052
2/5/20,0.2442,0.252333,0.239347,0.251646,0.251646,88483778
2/6/20,0.251549,0.269315,0.249203,0.263999,0.263999,101385322
2/7/20,0.264233,0.269703,0.260367,0.263439,0.263439,83767322
2/8/20,0.263377,0.263719,0.249655,0.256176,0.256176,73897362
2/9/20,0.256289,0.275524,0.255412,0.273195,0.273195,94842470
2/10/20,0.273454,0.274162,0.25404,0.264031,0.264031,99786369
2/11/20,0.264078,0.296766,0.261585,0.292092,0.292092,145429969
2/12/20,0.29213,0.321106,0.289233,0.304122,0.304122,152118324
2/13/20,0.304013,0.316049,0.28575,0.295389,0.295389,122073123
2/14/20,0.295499,0.314407,0.293886,0.31102,0.31102,108778734
2/15/20,0.310904,0.320512,0.276164,0.280342,0.280342,109067086
2/16/20,0.280409,0.289009,0.240049,0.26426,0.26426,91629012
2/17/20,0.264272,0.267478,0.242028,0.266563,0.266563,90448602
2/18/20,0.266863,0.28774,0.263155,0.281567,0.281567,88624120
2/19/20,0.281787,0.284357,0.257838,0.260042,0.260042,76438387
2/20/20,0.25978,0.261442,0.249482,0.258613,0.258613,78448273
2/21/20,0.258369,0.269347,0.254587,0.266418,0.266418,74787242
2/22/20,0.266661,0.274276,0.265756,0.270791,0.270791,72174526
2/23/20,0.271054,0.282464,0.27099,0.275426,0.275426,78929420
2/24/20,0.275258,0.276624,0.252409,0.256587,0.256587,78582584
2/25/20,0.256698,0.257105,0.233434,0.236736,0.236736,82978285
2/26/20,0.236313,0.238138,0.208105,0.220026,0.220026,82819101
2/27/20,0.219852,0.230905,0.209698,0.220882,0.220882,68848593
2/28/20,0.221131,0.226743,0.210077,0.215683,0.215683,65738481
2/29/20,0.215551,0.221534,0.214121,0.214266,0.214266,60832778
3/1/20,0.214127,0.218078,0.20617,0.211458,0.211458,57380522
3/2/20,0.211279,0.230287,0.209422,0.227458,0.227458,65896658
3/3/20,0.227275,0.229777,0.222638,0.224246,0.224246,59034937
3/4/20,0.224466,0.233046,0.223684,0.232149,0.232149,66216350
3/5/20,0.232255,0.244561,0.232123,0.235486,0.235486,69118218
3/6/20,0.235516,0.246371,0.2276,0.241689,0.241689,92852706
3/7/20,0.241579,0.242864,0.227427,0.228439,0.228439,62240312
3/8/20,0.228259,0.228401,0.195662,0.195662,0.195662,64764865
3/9/20,0.195444,0.201736,0.182224,0.194492,0.194492,75941141
3/10/20,0.194703,0.208279,0.19329,0.204208,0.204208,78666026
3/11/20,0.204071,0.213375,0.184917,0.199961,0.199961,90958123
3/12/20,0.199963,0.200531,0.115452,0.11954,0.11954,70920058
3/13/20,0.115702,0.146123,0.088837,0.133046,0.133046,78186419
3/14/20,0.13304,0.135514,0.121929,0.127473,0.127473,58627763
3/15/20,0.12724,0.135484,0.12076,0.12506,0.12506,58100255
3/16/20,0.125011,0.125011,0.102941,0.111805,0.111805,60916334
3/17/20,0.111677,0.122405,0.111677,0.116067,0.116067,60846554
3/18/20,0.115786,0.11879,0.113403,0.116449,0.116449,63395292
3/19/20,0.116324,0.144451,0.116324,0.137928,0.137928,74036819
3/20/20,0.137723,0.155534,0.124454,0.135329,0.135329,67120393
3/21/20,0.1354,0.139201,0.127505,0.136983,0.136983,55817412
3/22/20,0.136998,0.139484,0.124032,0.124606,0.124606,48760627
3/23/20,0.124402,0.134626,0.12253,0.133938,0.133938,58520042
3/24/20,0.134226,0.157637,0.132081,0.152726,0.152726,89185054
3/25/20,0.152724,0.163631,0.145451,0.148367,0.148367,79481758
3/26/20,0.148302,0.154119,0.146715,0.151762,0.151762,60899825
3/27/20,0.151823,0.153774,0.142816,0.142825,0.142825,70314700
3/28/20,0.142618,0.142618,0.134913,0.137651,0.137651,64323184
3/29/20,0.137593,0.138592,0.13016,0.131491,0.131491,63938510
3/30/20,0.131562,0.145691,0.130542,0.141047,0.141047,80290227
3/31/20,0.140974,0.143479,0.138284,0.141879,0.141879,70039336
4/1/20,0.141879,0.143352,0.135892,0.143352,0.143352,68303435
4/2/20,0.143275,0.149374,0.142464,0.144039,0.144039,74592914
4/3/20,0.143989,0.150419,0.143022,0.146147,0.146147,69799614
4/4/20,0.146124,0.147988,0.143242,0.147123,0.147123,55594468
4/5/20,0.147131,0.150703,0.144865,0.146331,0.146331,69464308
4/6/20,0.145599,0.162274,0.145599,0.160199,0.160199,77705130
4/7/20,0.160555,0.172186,0.158278,0.160894,0.160894,78736809
4/8/20,0.160671,0.170164,0.159825,0.166005,0.166005,80042035
4/9/20,0.16598,0.178432,0.163079,0.172389,0.172389,117023418
4/10/20,0.172249,0.17772,0.154589,0.160957,0.160957,92940129
4/11/20,0.160957,0.167283,0.156518,0.160418,0.160418,82472270
4/12/20,0.160641,0.167774,0.15828,0.161849,0.161849,81460576
4/13/20,0.161733,0.161733,0.154063,0.15808,0.15808,78218151
4/14/20,0.158106,0.170134,0.157182,0.165304,0.165304,92602021
4/15/20,0.165192,0.168677,0.154387,0.154812,0.154812,83643060
4/16/20,0.154817,0.166748,0.15197,0.165279,0.165279,94296614
4/17/20,0.165181,0.16923,0.164087,0.167319,0.167319,87300622
4/18/20,0.16736,0.173238,0.166199,0.172084,0.172084,94342397
4/19/20,0.171867,0.172441,0.165661,0.165797,0.165797,84323603
4/20/20,0.165682,0.170246,0.158313,0.158564,0.158564,105984125
4/21/20,0.158422,0.160581,0.156512,0.158902,0.158902,81192864
4/22/20,0.158448,0.16721,0.158414,0.165647,0.165647,83452519
4/23/20,0.165538,0.171925,0.162569,0.166037,0.166037,97360679
4/24/20,0.166102,0.179948,0.166072,0.179547,0.179547,91712704
4/25/20,0.179598,0.188211,0.176254,0.183153,0.183153,81147946
4/26/20,0.183171,0.187921,0.181768,0.184309,0.184309,94411864
4/27/20,0.18436,0.185555,0.178234,0.182413,0.182413,98600090
4/28/20,0.182593,0.185213,0.176399,0.184254,0.184254,111414212
4/29/20,0.184449,0.197751,0.183235,0.19504,0.19504,113305708
4/30/20,0.194911,0.199286,0.181624,0.183963,0.183963,113851887
5/1/20,0.18379,0.1937,0.183583,0.188556,0.188556,96791449
5/2/20,0.188739,0.193085,0.188576,0.190823,0.190823,92659679
5/3/20,0.190974,0.194515,0.183596,0.183954,0.183954,89715693
5/4/20,0.183948,0.189231,0.177675,0.187985,0.187985,96943420
5/5/20,0.188076,0.192024,0.183058,0.184968,0.184968,91033653
5/6/20,0.184932,0.191101,0.181749,0.181749,0.181749,100505641
5/7/20,0.181571,0.189385,0.177434,0.183801,0.183801,102458276
5/8/20,0.183883,0.236603,0.183761,0.229043,0.229043,226158901
5/9/20,0.229231,0.252223,0.217232,0.218269,0.218269,232544394
5/10/20,0.218254,0.218254,0.186825,0.197277,0.197277,157626768
5/11/20,0.197426,0.200045,0.181899,0.185657,0.185657,115780799
5/12/20,0.185719,0.207467,0.183876,0.206692,0.206692,111694461
5/13/20,0.206609,0.210225,0.198744,0.201612,0.201612,96379675
5/14/20,0.201249,0.20685,0.19769,0.200147,0.200147,83010799
5/15/20,0.200024,0.212733,0.199124,0.20019,0.20019,98695111
5/16/20,0.200097,0.207357,0.197886,0.203394,0.203394,84971631
5/17/20,0.203189,0.215179,0.202392,0.204805,0.204805,93663803
5/18/20,0.205096,0.211725,0.204956,0.209466,0.209466,84708632
5/19/20,0.209522,0.210128,0.204683,0.205726,0.205726,74994567
5/20/20,0.205685,0.211179,0.201307,0.204137,0.204137,79484465
5/21/20,0.204056,0.205964,0.189515,0.196257,0.196257,88056362
5/22/20,0.196219,0.208944,0.193252,0.206433,0.206433,90016045
5/23/20,0.206357,0.210758,0.201206,0.20421,0.20421,68415841
5/24/20,0.204112,0.209074,0.196166,0.196192,0.196192,65152567
5/25/20,0.195688,0.206429,0.193718,0.205403,0.205403,71096227
5/26/20,0.205467,0.209063,0.20064,0.203323,0.203323,70645198
5/27/20,0.203393,0.208063,0.201557,0.207331,0.207331,83471245
5/28/20,0.207535,0.213932,0.205672,0.212622,0.212622,93246841
5/29/20,0.212569,0.215459,0.208269,0.210074,0.210074,80938800
5/30/20,0.210139,0.221076,0.207782,0.220735,0.220735,87284350
5/31/20,0.220835,0.229032,0.209494,0.211408,0.211408,95402578
6/1/20,0.21131,0.225238,0.210571,0.22365,0.22365,93979213
6/2/20,0.223754,0.230039,0.209904,0.214846,0.214846,95049488
6/3/20,0.214726,0.224422,0.212383,0.224422,0.224422,83208339
6/4/20,0.224172,0.244554,0.223758,0.242114,0.242114,134584159
6/5/20,0.241976,0.247323,0.237828,0.245372,0.245372,114690212
6/6/20,0.245288,0.245371,0.235411,0.236675,0.236675,78177327
6/7/20,0.23675,0.240259,0.227675,0.235195,0.235195,76148745
6/8/20,0.235177,0.256901,0.233616,0.256901,0.256901,111153640
6/9/20,0.256698,0.259047,0.250279,0.25275,0.25275,100887014
6/10/20,0.252529,0.252692,0.24532,0.250243,0.250243,98306325
6/11/20,0.250259,0.255191,0.222457,0.222947,0.222947,95038850
6/12/20,0.223001,0.2352,0.21235,0.229523,0.229523,94478815
6/13/20,0.229706,0.234425,0.225168,0.232398,0.232398,78574497
6/14/20,0.232448,0.239239,0.224751,0.224945,0.224945,83142647
6/15/20,0.224867,0.225959,0.209028,0.222747,0.222747,89250769
6/16/20,0.222795,0.228213,0.220778,0.224967,0.224967,75249445
6/17/20,0.225255,0.226047,0.218183,0.223381,0.223381,76838795
6/18/20,0.223371,0.2238,0.216449,0.21921,0.21921,55620169
6/19/20,0.219121,0.222628,0.215699,0.216949,0.216949,55425633
6/20/20,0.216949,0.233798,0.216046,0.231442,0.231442,81989283
6/21/20,0.230973,0.250348,0.230832,0.241667,0.241667,95921844
6/22/20,0.24212,0.249522,0.239893,0.243866,0.243866,83544220
6/23/20,0.243873,0.26268,0.24176,0.258374,0.258374,85191908
6/24/20,0.258436,0.265935,0.244864,0.249646,0.249646,79946258
6/25/20,0.249533,0.270003,0.243195,0.270003,0.270003,102269533
6/26/20,0.270139,0.272597,0.257466,0.271722,0.271722,105570675
6/27/20,0.271742,0.297972,0.267885,0.272251,0.272251,163915761
6/28/20,0.272251,0.272768,0.258315,0.264642,0.264642,105436384
6/29/20,0.264536,0.2694,0.254255,0.261968,0.261968,81965006
6/30/20,0.261788,0.263165,0.250837,0.25195,0.25195,62742707
7/1/20,0.251774,0.26374,0.250549,0.256183,0.256183,70903840
7/2/20,0.256904,0.25996,0.245246,0.24534,0.24534,88446608
7/3/20,0.245161,0.248328,0.241286,0.24194,0.24194,86872077
7/4/20,0.242025,0.254328,0.24179,0.249941,0.249941,73092062
7/5/20,0.249563,0.250149,0.242727,0.246573,0.246573,69072097
7/6/20,0.246573,0.261481,0.244774,0.260741,0.260741,85232958
7/7/20,0.260465,0.263135,0.252693,0.254629,0.254629,77770063
7/8/20,0.254663,0.26956,0.252606,0.263883,0.263883,152931719
7/9/20,0.263883,0.26989,0.255658,0.262018,0.262018,158872269
7/10/20,0.261848,0.262228,0.246638,0.254405,0.254405,130467325
7/11/20,0.254292,0.259606,0.252773,0.258236,0.258236,126932046
7/12/20,0.258341,0.26267,0.253345,0.258745,0.258745,120956249
7/13/20,0.258745,0.278359,0.255888,0.264149,0.264149,173216881
7/14/20,0.262908,0.266823,0.256642,0.261971,0.261971,132157262
7/15/20,0.262082,0.26458,0.255423,0.259497,0.259497,117978819
7/16/20,0.259467,0.266083,0.2408,0.25926,0.25926,169549091
7/17/20,0.259565,0.276288,0.259565,0.265657,0.265657,151838466
7/18/20,0.265499,0.270165,0.258413,0.268515,0.268515,122045175
7/19/20,0.269021,0.278392,0.26819,0.273152,0.273152,118500242
7/20/20,0.273401,0.274951,0.258309,0.258581,0.258581,112026169
7/21/20,0.25821,0.264657,0.256054,0.26009,0.26009,115866178
7/22/20,0.260108,0.267086,0.256251,0.262754,0.262754,110616166
7/23/20,0.262665,0.269484,0.260328,0.262337,0.262337,112868090
7/24/20,0.263907,0.264625,0.257248,0.257499,0.257499,130611050
7/25/20,0.257592,0.26434,0.25729,0.263047,0.263047,112303891
7/26/20,0.263131,0.266328,0.253228,0.25396,0.25396,110640028
7/27/20,0.253975,0.25638,0.232345,0.247475,0.247475,152211796
7/28/20,0.24736,0.254883,0.242845,0.251437,0.251437,126978621
7/29/20,0.251343,0.255296,0.246629,0.247388,0.247388,139057271
7/30/20,0.24744,0.251661,0.246978,0.247281,0.247281,152174495
7/31/20,0.247559,0.253066,0.246422,0.252872,0.252872,145660749
8/1/20,0.252872,0.259045,0.249868,0.257829,0.257829,197639256
8/2/20,0.257824,0.262102,0.237866,0.242356,0.242356,157623657
8/3/20,0.242359,0.255418,0.24056,0.251229,0.251229,140882345
8/4/20,0.251213,0.261519,0.250829,0.261519,0.261519,128205260
8/5/20,0.261303,0.263246,0.254951,0.257778,0.257778,154038980
8/6/20,0.257984,0.259484,0.254926,0.259182,0.259182,169841683
8/7/20,0.259057,0.264357,0.246929,0.253117,0.253117,218686834
8/8/20,0.253246,0.26069,0.252612,0.26069,0.26069,89341363
8/9/20,0.260893,0.270987,0.260893,0.267665,0.267665,104893214
8/10/20,0.267681,0.288528,0.264724,0.286569,0.286569,230386737
8/11/20,0.286641,0.287416,0.253184,0.261731,0.261731,285914950
8/12/20,0.261825,0.274759,0.252543,0.271726,0.271726,166822858
8/13/20,0.271793,0.27307,0.258488,0.269549,0.269549,162559730
8/14/20,0.269667,0.278756,0.265977,0.277754,0.277754,192813635
8/15/20,0.277726,0.280732,0.273139,0.274729,0.274729,184810465
8/16/20,0.274544,0.333566,0.272018,0.321183,0.321183,341927961
8/17/20,0.321183,0.336562,0.303561,0.317203,0.317203,305038526
8/18/20,0.315952,0.375054,0.315685,0.350865,0.350865,481842759
8/19/20,0.349602,0.356798,0.313157,0.317926,0.317926,303125129
8/20/20,0.318137,0.36935,0.31791,0.360405,0.360405,341742329
8/21/20,0.36085,0.438723,0.352456,0.379275,0.379275,677659236
8/22/20,0.378783,0.404222,0.345757,0.399607,0.399607,322874678
8/23/20,0.398297,0.421795,0.370906,0.403513,0.403513,313092652
8/24/20,0.403624,0.431644,0.389009,0.397094,0.397094,301515487
8/25/20,0.396826,0.398473,0.34365,0.347798,0.347798,273586341
8/26/20,0.346396,0.366848,0.344395,0.352113,0.352113,219646386
8/27/20,0.351892,0.354394,0.320583,0.326421,0.326421,237474151
8/28/20,0.32655,0.351779,0.321332,0.350677,0.350677,200856491
8/29/20,0.350645,0.369005,0.348106,0.355128,0.355128,331817879
8/30/20,0.354911,0.361201,0.346318,0.346509,0.346509,177251449
8/31/20,0.346316,0.356278,0.339272,0.349826,0.349826,223340103
9/1/20,0.349591,0.351087,0.33377,0.336539,0.336539,196303320
9/2/20,0.336279,0.338294,0.304979,0.316723,0.316723,194981493
9/3/20,0.316816,0.318659,0.252119,0.254748,0.254748,199585900
9/4/20,0.254873,0.273878,0.252772,0.267217,0.267217,183463523
9/5/20,0.266898,0.270347,0.230008,0.237203,0.237203,146810617
9/6/20,0.237203,0.26032,0.227873,0.258548,0.258548,135610488
9/7/20,0.258921,0.261519,0.24013,0.252453,0.252453,131238442
9/8/20,0.252167,0.263719,0.246024,0.251243,0.251243,131756892
9/9/20,0.251291,0.263408,0.243112,0.25757,0.25757,154339859
9/10/20,0.257597,0.269029,0.256043,0.265465,0.265465,142879360
9/11/20,0.265465,0.266983,0.256264,0.26408,0.26408,136836283
9/12/20,0.26408,0.275943,0.261549,0.272952,0.272952,191120022
9/13/20,0.272952,0.273427,0.250418,0.256931,0.256931,136441312
9/14/20,0.257391,0.262518,0.251004,0.2563,0.2563,193505437
9/15/20,0.256435,0.258761,0.244067,0.246435,0.246435,206640724
9/16/20,0.246621,0.256058,0.239046,0.251996,0.251996,222977956
9/17/20,0.251938,0.257402,0.246534,0.250438,0.250438,101401946
9/18/20,0.250438,0.255167,0.240505,0.243576,0.243576,112395337
9/19/20,0.243486,0.247452,0.242138,0.243195,0.243195,106378533
9/20/20,0.243403,0.243642,0.231152,0.237704,0.237704,122735443
9/21/20,0.237901,0.243294,0.210506,0.214767,0.214767,146877010
9/22/20,0.214781,0.228298,0.213475,0.228298,0.228298,136891145
9/23/20,0.227575,0.232009,0.212423,0.213265,0.213265,141490749
9/24/20,0.213142,0.227729,0.212396,0.225943,0.225943,181587547
9/25/20,0.226911,0.235378,0.2195,0.232333,0.232333,197689523
9/26/20,0.232159,0.236806,0.230257,0.233085,0.233085,180496172
9/27/20,0.232426,0.235583,0.223507,0.229339,0.229339,157793950
9/28/20,0.229933,0.242758,0.228941,0.234995,0.234995,175064415
9/29/20,0.234258,0.236474,0.23036,0.236368,0.236368,187599582
9/30/20,0.236402,0.243616,0.234747,0.238761,0.238761,166306743
10/1/20,0.238812,0.24639,0.226568,0.230202,0.230202,146230578
10/2/20,0.230491,0.231121,0.21475,0.223896,0.223896,182157411
10/3/20,0.223822,0.224407,0.2211,0.2211,0.2211,101953437
10/4/20,0.221381,0.222083,0.219142,0.221511,0.221511,135117580
10/5/20,0.221742,0.223657,0.218306,0.221232,0.221232,123937925
10/6/20,0.221298,0.221618,0.208062,0.210286,0.210286,229919975
10/7/20,0.210313,0.214677,0.207238,0.214677,0.214677,153019499
10/8/20,0.214734,0.21829,0.207643,0.217169,0.217169,152696110
10/9/20,0.217619,0.224806,0.214854,0.222449,0.222449,180794481
10/10/20,0.222185,0.227776,0.220798,0.220976,0.220976,164868409
10/11/20,0.220428,0.222993,0.216473,0.221642,0.221642,211546007
10/12/20,0.221223,0.224548,0.215639,0.220865,0.220865,219996603
10/13/20,0.220523,0.222736,0.214606,0.217003,0.217003,122305955
10/14/20,0.217194,0.219098,0.212174,0.215288,0.215288,131671878
10/15/20,0.215065,0.215202,0.210361,0.213231,0.213231,194777139
10/16/20,0.213486,0.213749,0.206285,0.207143,0.207143,461674916
10/17/20,0.2075,0.215614,0.205856,0.214773,0.214773,150655232
10/18/20,0.214734,0.21761,0.213905,0.213937,0.213937,577566040
10/19/20,0.214408,0.216732,0.210245,0.214289,0.214289,188075455
10/20/20,0.214215,0.214748,0.203121,0.208688,0.208688,239098368
10/21/20,0.208636,0.217496,0.207807,0.214873,0.214873,210400162
10/22/20,0.214925,0.225813,0.214925,0.221413,0.221413,199403929
10/23/20,0.221904,0.223734,0.216938,0.219898,0.219898,219353506
10/24/20,0.219898,0.222539,0.214646,0.221113,0.221113,346688423
10/25/20,0.221113,0.221406,0.210522,0.212345,0.212345,572811373
10/26/20,0.212345,0.221993,0.210274,0.213198,0.213198,458577741
10/27/20,0.2132,0.216336,0.208992,0.213753,0.213753,419168617
10/28/20,0.213755,0.214789,0.191277,0.195085,0.195085,303489754
10/29/20,0.195085,0.199859,0.187618,0.189249,0.189249,234166175
10/30/20,0.189249,0.192145,0.178576,0.188236,0.188236,185503599
10/31/20,0.188236,0.190877,0.184027,0.184027,0.184027,161942492
11/1/20,0.184027,0.19179,0.183162,0.188548,0.188548,153929106
11/2/20,0.188546,0.193632,0.182023,0.182118,0.182118,233652903
11/3/20,0.182118,0.185978,0.175456,0.180109,0.180109,198602192
11/4/20,0.180109,0.185045,0.174829,0.184854,0.184854,204652703
11/5/20,0.184856,0.191559,0.181402,0.191308,0.191308,147576071
11/6/20,0.191307,0.204959,0.189231,0.203561,0.203561,128514279
11/7/20,0.203561,0.210936,0.186804,0.1925,0.1925,142075799
11/8/20,0.1925,0.203502,0.190325,0.198293,0.198293,115969123
11/9/20,0.198293,0.198555,0.189323,0.193507,0.193507,130573193
11/10/20,0.193518,0.205596,0.192837,0.201769,0.201769,114742105
11/11/20,0.201768,0.207669,0.198976,0.199676,0.199676,115277658
11/12/20,0.199673,0.20664,0.193369,0.195202,0.195202,134800058
11/13/20,0.195199,0.20401,0.194644,0.202741,0.202741,188018322
11/14/20,0.202741,0.203972,0.193804,0.196219,0.196219,99830891
11/15/20,0.196219,0.201193,0.189489,0.194188,0.194188,86811288
11/16/20,0.194188,0.200294,0.192255,0.198067,0.198067,82822912
11/17/20,0.199621,0.206821,0.199369,0.205228,0.205228,105624057
11/18/20,0.205228,0.206222,0.193657,0.200508,0.200508,155843309
11/19/20,0.200506,0.203023,0.196319,0.197609,0.197609,215089070
11/20/20,0.19761,0.202841,0.196691,0.201729,0.201729,177257676
11/21/20,0.201729,0.228217,0.201631,0.227418,0.227418,219924335
11/22/20,0.227418,0.229756,0.207162,0.216241,0.216241,223221336
11/23/20,0.216241,0.25557,0.214261,0.248167,0.248167,279851777
11/24/20,0.248215,0.27402,0.24244,0.260847,0.260847,285224895
11/25/20,0.260743,0.286746,0.250011,0.256498,0.256498,252733938
11/26/20,0.25646,0.261627,0.209816,0.223333,0.223333,288110717
11/27/20,0.223365,0.229875,0.213986,0.224218,0.224218,141367142
11/28/20,0.224216,0.232692,0.217186,0.229207,0.229207,137669766
11/29/20,0.229225,0.23542,0.223684,0.233944,0.233944,132021050
11/30/20,0.233961,0.242825,0.229383,0.242441,0.242441,175551829
12/1/20,0.242459,0.258494,0.232553,0.234132,0.234132,186800193
12/2/20,0.234148,0.242816,0.230629,0.24077,0.24077,123401127
12/3/20,0.240774,0.246208,0.238326,0.240909,0.240909,129937162
12/4/20,0.240933,0.247894,0.226443,0.22961,0.22961,150965079
12/5/20,0.229547,0.235012,0.226432,0.234402,0.234402,122589503
12/6/20,0.234401,0.235821,0.226947,0.235687,0.235687,109912026
12/7/20,0.235701,0.239173,0.23177,0.235672,0.235672,121532027
12/8/20,0.23568,0.238522,0.218268,0.219709,0.219709,135677205
12/9/20,0.219697,0.220611,0.207565,0.219647,0.219647,143150402
12/10/20,0.219649,0.220464,0.208823,0.209597,0.209597,115140440
12/11/20,0.209595,0.209595,0.201269,0.203042,0.203042,101722147
12/12/20,0.203002,0.214098,0.203002,0.211046,0.211046,105474262
12/13/20,0.211046,0.218391,0.206932,0.2126,0.2126,98834896
12/14/20,0.212601,0.219336,0.211339,0.217582,0.217582,105031415
12/15/20,0.217584,0.221703,0.212873,0.218846,0.218846,97450767
12/16/20,0.21885,0.232641,0.216941,0.232141,0.232141,171072574
12/17/20,0.232163,0.238026,0.224853,0.226808,0.226808,170901420
12/18/20,0.226818,0.261317,0.223193,0.249526,0.249526,218520178
12/19/20,0.249487,0.262663,0.245024,0.245026,0.245026,151338651
12/20/20,0.244966,0.244966,0.230974,0.231992,0.231992,155164139
12/21/20,0.231982,0.24,0.219329,0.224854,0.224854,159742816
12/22/20,0.224764,0.226702,0.210843,0.217977,0.217977,147187157
12/23/20,0.217987,0.220046,0.182262,0.19238,0.19238,140389569
12/24/20,0.192461,0.219998,0.188211,0.218165,0.218165,170252328
12/25/20,0.218142,0.225203,0.211657,0.21419,0.21419,151676730
12/26/20,0.214207,0.215228,0.205332,0.213414,0.213414,169392148
12/27/20,0.213432,0.22042,0.203226,0.208646,0.208646,158894220
12/28/20,0.208657,0.219318,0.207139,0.210891,0.210891,148281891
12/29/20,0.210881,0.213822,0.197305,0.205709,0.205709,128077645
12/30/20,0.205721,0.206871,0.199376,0.201697,0.201697,128609684
12/31/20,0.201714,0.202187,0.195566,0.19966,0.19966,136031118
1/1/21,0.199661,0.210765,0.198232,0.205126,0.205126,134658072
1/2/21,0.205121,0.209154,0.199674,0.204016,0.204016,146201509
1/3/21,0.204051,0.219497,0.200495,0.216469,0.216469,186119340
1/4/21,0.216634,0.23606,0.2047,0.21787,0.21787,204575656
1/5/21,0.217934,0.232591,0.217122,0.231887,0.231887,204421749
1/6/21,0.231891,0.255707,0.228078,0.250458,0.250458,255185517
1/7/21,0.250471,0.282375,0.246421,0.256766,0.256766,307851290
1/8/21,0.256817,0.272232,0.240348,0.251023,0.251023,247515012
1/9/21,0.25099,0.287595,0.243839,0.27539,0.27539,293731866
1/10/21,0.275643,0.294687,0.239986,0.257956,0.257956,295451975
1/11/21,0.257932,0.257932,0.202288,0.229223,0.229223,274153540
1/12/21,0.229174,0.248272,0.223887,0.230872,0.230872,213619699
1/13/21,0.230933,0.249361,0.224527,0.249361,0.249361,195440391
1/14/21,0.249315,0.251929,0.238668,0.245659,0.245659,211152127
1/15/21,0.245723,0.25803,0.22921,0.248133,0.248133,234069168
1/16/21,0.24808,0.284932,0.24808,0.267646,0.267646,422506621
1/17/21,0.267494,0.27875,0.2499,0.272842,0.272842,269173919
1/18/21,0.27286,0.293651,0.26722,0.282832,0.282832,262409938
1/19/21,0.282788,0.290897,0.26817,0.2702,0.2702,218719521
1/20/21,0.270078,0.286108,0.253915,0.279,0.279,291158275
1/21/21,0.279055,0.279745,0.242921,0.244741,0.244741,240104353
1/22/21,0.244671,0.344819,0.229504,0.31448,0.31448,768914636
1/23/21,0.314476,0.359779,0.311622,0.32931,0.32931,601049073
1/24/21,0.329345,0.333081,0.3072,0.31909,0.31909,335528716
1/25/21,0.319062,0.33796,0.297619,0.301538,0.301538,312987328
1/26/21,0.301447,0.308929,0.281691,0.298885,0.298885,289456040
1/27/21,0.298944,0.31538,0.272703,0.305173,0.305173,293300081
1/28/21,0.305064,0.319796,0.299156,0.307816,0.307816,321086351
1/29/21,0.303028,0.314012,0.290985,0.309129,0.309129,332607087
1/30/21,0.309072,0.321437,0.296695,0.315247,0.315247,275608472
1/31/21,0.315355,0.323127,0.296555,0.30225,0.30225,246573295
2/1/21,0.302292,0.317861,0.291905,0.315089,0.315089,280209443
2/2/21,0.315176,0.322474,0.306854,0.31708,0.31708,286800615
2/3/21,0.317088,0.326662,0.312677,0.321854,0.321854,287487657
2/4/21,0.321892,0.325145,0.304176,0.312716,0.312716,294920939
2/5/21,0.312739,0.373678,0.312735,0.37065,0.37065,422718458
2/6/21,0.370538,0.372148,0.341104,0.352572,0.352572,317811407
2/7/21,0.352661,0.42435,0.346985,0.408393,0.408393,587227451
2/8/21,0.408038,0.427825,0.388899,0.418461,0.418461,446631109
2/9/21,0.418348,0.44857,0.404082,0.43374,0.43374,429328457
2/10/21,0.433809,0.460831,0.396352,0.441919,0.441919,472818545
2/11/21,0.441775,0.659862,0.434081,0.593186,0.593186,1094643326
2/12/21,0.592523,0.698408,0.551812,0.628112,0.628112,981709806
2/13/21,0.628167,0.691016,0.581652,0.617938,0.617938,706325172
2/14/21,0.617861,0.625663,0.54626,0.561749,0.561749,503733378
2/15/21,0.561473,0.594087,0.46316,0.538979,0.538979,547546835
2/16/21,0.53866,0.588767,0.526147,0.555181,0.555181,519051589
2/17/21,0.555204,0.594577,0.509717,0.575362,0.575362,516301638
2/18/21,0.575362,0.647397,0.575362,0.633757,0.633757,375895619
2/19/21,0.634028,0.655758,0.600072,0.612589,0.612589,382545992
2/20/21,0.612651,0.632814,0.55149,0.579956,0.579956,381562352
2/21/21,0.579507,0.608526,0.56439,0.60574,0.60574,347545727
2/22/21,0.605799,0.640238,0.461911,0.53968,0.53968,534993025
2/23/21,0.539985,0.544316,0.399069,0.472182,0.472182,517380342
2/24/21,0.47303,0.547822,0.446145,0.51492,0.51492,469264528
2/25/21,0.514862,0.53832,0.47785,0.481513,0.481513,329645300
2/26/21,0.481939,0.551263,0.443975,0.526198,0.526198,570946286
2/27/21,0.526475,0.563045,0.504813,0.515632,0.515632,386035499
2/28/21,0.515523,0.533887,0.462478,0.519335,0.519335,329846465
3/1/21,0.520408,0.591306,0.520408,0.58218,0.58218,368024368
3/2/21,0.582074,0.627863,0.555865,0.602065,0.602065,356482436
3/3/21,0.602134,0.834726,0.595866,0.767202,0.767202,1279494182
3/4/21,0.765961,0.792503,0.667638,0.69374,0.69374,663971471
3/5/21,0.693544,0.716686,0.636048,0.681804,0.681804,435254355
3/6/21,0.681314,0.695417,0.637748,0.665745,0.665745,244509654
3/7/21,0.665781,0.723848,0.662336,0.694285,0.694285,329505088
3/8/21,0.694108,0.738904,0.666045,0.738904,0.738904,349949060
3/9/21,0.739235,0.760019,0.705805,0.745607,0.745607,344423739
3/10/21,0.745592,0.880457,0.699127,0.818833,0.818833,866409027
3/11/21,0.819078,0.854987,0.781858,0.802429,0.802429,510799846
3/12/21,0.802565,0.809161,0.73498,0.755851,0.755851,380990202
3/13/21,0.75571,0.834294,0.724319,0.815245,0.815245,455915661
3/14/21,0.81503,0.848912,0.770341,0.770341,0.770341,372386693
3/15/21,0.770016,0.802643,0.721746,0.761019,0.761019,350261933
3/16/21,0.76094,1.155322,0.73079,1.029075,1.029075,1580015853
3/17/21,1.029496,1.349262,0.949245,1.230963,1.230963,2904423241
3/18/21,1.232896,1.372766,1.194154,1.217396,1.217396,1429854175
3/19/21,1.216024,1.232626,1.170682,1.18944,1.18944,657849066
3/20/21,1.188456,1.229222,1.088747,1.088747,1.088747,556941730
3/21/21,1.09102,1.133758,1.066371,1.115952,1.115952,484665189
3/22/21,1.116182,1.206165,1.087356,1.093635,1.093635,724655311
3/23/21,1.093517,1.114576,1.033449,1.060867,1.060867,470652649
3/24/21,1.059944,1.120161,0.964084,0.993128,0.993128,481722062
3/25/21,0.992276,1.0126,0.944333,0.974786,0.974786,407279008
3/26/21,0.975044,1.089059,0.975044,1.074686,1.074686,402257751
3/27/21,1.074833,1.088235,1.017664,1.081725,1.081725,334642525
3/28/21,1.08137,1.149507,1.069622,1.117845,1.117845,447685371
3/29/21,1.118816,1.142562,1.080158,1.13933,1.13933,342890905
3/30/21,1.139484,1.212167,1.126233,1.175074,1.175074,431411939
3/31/21,1.17445,1.188645,1.094047,1.142298,1.142298,347998689
4/1/21,1.143359,1.186686,1.128402,1.163506,1.163506,381253021
4/2/21,1.163059,1.28149,1.144449,1.208935,1.208935,509525662
4/3/21,1.208908,1.272324,1.127667,1.130627,1.130627,440931089
4/4/21,1.130588,1.191651,1.11921,1.186988,1.186988,288057160
4/5/21,1.186726,1.286439,1.149125,1.285693,1.285693,463749997
4/6/21,1.280285,1.341885,1.188614,1.336931,1.336931,665833913
4/7/21,1.331964,1.379097,1.154928,1.187906,1.187906,629366234
4/8/21,1.187341,1.298667,1.178408,1.293698,1.293698,395767074
4/9/21,1.293303,1.648437,1.266328,1.533599,1.533599,1177934596
4/10/21,1.541148,1.620205,1.393594,1.472573,1.472573,883581739
4/11/21,1.466744,1.569921,1.414392,1.444683,1.444683,615827806
4/12/21,1.441739,1.474544,1.397054,1.422055,1.422055,461853809
4/13/21,1.421378,1.519382,1.397679,1.499681,1.499681,538955934
4/14/21,1.499537,1.565142,1.403057,1.466433,1.466433,592835976
4/15/21,1.465741,1.595045,1.44343,1.522614,1.522614,628565595
4/16/21,1.520446,1.565593,1.410667,1.527853,1.527853,605662287
4/17/21,1.523853,1.600827,1.480006,1.4888,1.4888,557427382
4/18/21,1.491406,1.501001,1.144219,1.346577,1.346577,868276095
4/19/21,1.350679,1.465599,1.206518,1.324726,1.324726,936031018
4/20/21,1.325896,1.332186,1.173492,1.273452,1.273452,865134848
4/21/21,1.273927,1.318843,1.217852,1.229942,1.229942,712585127
4/22/21,1.227279,1.258304,1.092848,1.102461,1.102461,710176568
4/23/21,1.100845,1.190643,0.876807,1.184937,1.184937,785645045
4/24/21,1.185941,1.185941,1.030174,1.032049,1.032049,491551822
4/25/21,1.03244,1.170011,0.971871,1.021812,1.021812,506242541
4/26/21,1.024924,1.195872,1.017538,1.195872,1.195872,525764481
4/27/21,1.194711,1.273218,1.175318,1.255987,1.255987,533460575
4/28/21,1.256815,1.295055,1.167955,1.199439,1.199439,462937826
4/29/21,1.199925,1.233539,1.158306,1.188832,1.188832,378870829
4/30/21,1.188565,1.276184,1.169678,1.26317,1.26317,379129820
5/1/21,1.262843,1.297956,1.23448,1.270628,1.270628,462928862
5/2/21,1.270388,1.295778,1.228589,1.256546,1.256546,377287097
5/3/21,1.255745,1.321098,1.253931,1.292276,1.292276,407067748
5/4/21,1.292855,1.292855,1.150009,1.171853,1.171853,534774943
5/5/21,1.169857,1.372024,1.162801,1.366226,1.366226,515136998
5/6/21,1.362894,1.443899,1.329319,1.400549,1.400549,610445175
5/7/21,1.403874,1.589385,1.35397,1.407964,1.407964,686911611
5/8/21,1.406386,1.51269,1.382037,1.418798,1.418798,449065509
5/9/21,1.418436,1.462822,1.340453,1.414283,1.414283,516511095
5/10/21,1.411617,1.493425,1.265162,1.315342,1.315342,550366837
5/11/21,1.312152,1.393801,1.262434,1.393801,1.393801,477473046
5/12/21,1.395766,1.416032,1.178301,1.178301,1.178301,521257242
5/13/21,1.185737,1.251959,1.12049,1.192187,1.192187,566015006
5/14/21,1.191619,1.248656,1.185083,1.21895,1.21895,443952069
5/15/21,1.219119,1.226239,1.135018,1.138461,1.138461,584558659
5/16/21,1.138407,1.236368,1.086822,1.140828,1.140828,326374144
5/17/21,1.140878,1.142845,1.025341,1.062899,1.062899,407141277
5/18/21,1.063362,1.141873,1.056354,1.106753,1.106753,355358885
5/19/21,1.108266,1.117504,0.569427,0.761587,0.761587,579473040
5/20/21,0.754996,0.915377,0.679951,0.877552,0.877552,372185755
5/21/21,0.877236,0.918853,0.664354,0.760354,0.760354,361403858
5/22/21,0.76004,0.765892,0.663057,0.682625,0.682625,291103834
5/23/21,0.683281,0.708187,0.455348,0.56263,0.56263,329872367
5/24/21,0.559931,0.743258,0.552658,0.72486,0.72486,285868019
5/25/21,0.726327,0.770119,0.665868,0.737628,0.737628,266387451
5/26/21,0.737841,0.887354,0.735888,0.887354,0.887354,297763922
5/27/21,0.888631,0.928798,0.797681,0.842559,0.842559,339188622
5/28/21,0.844341,0.854432,0.710021,0.747823,0.747823,326315733
5/29/21,0.748627,0.786762,0.650593,0.683588,0.683588,258117244
5/30/21,0.68338,0.7384,0.646294,0.704886,0.704886,208866040
5/31/21,0.704641,0.766654,0.674561,0.766654,0.766654,212025920
6/1/21,0.766629,0.773859,0.726423,0.747465,0.747465,222070816
6/2/21,0.747215,0.836191,0.735827,0.797843,0.797843,261311929
6/3/21,0.798273,0.849219,0.790962,0.82983,0.82983,232103439
6/4/21,0.830227,0.830391,0.730558,0.761746,0.761746,270359039
6/5/21,0.762634,0.818084,0.725454,0.750958,0.750958,244298466
6/6/21,0.751683,0.7696,0.744649,0.762233,0.762233,185499002
6/7/21,0.762319,0.790626,0.69825,0.700338,0.700338,229751321
6/8/21,0.701057,0.712441,0.616236,0.672407,0.672407,243396903
6/9/21,0.670938,0.70135,0.63999,0.70135,0.70135,207647582
6/10/21,0.70238,0.707076,0.649843,0.664923,0.664923,184662346
6/11/21,0.665119,0.716212,0.642457,0.647644,0.647644,235080907
6/12/21,0.648195,0.648268,0.598713,0.618314,0.618314,204259822
6/13/21,0.619067,0.656194,0.60243,0.646283,0.646283,116819006
6/14/21,0.646298,0.675442,0.637178,0.655455,0.655455,113372942
6/15/21,0.706829,0.722919,0.666977,0.713444,0.713444,168083995
6/16/21,0.690847,0.690847,0.653823,0.657921,0.657921,193760864
6/17/21,0.657744,0.688385,0.647759,0.65864,0.65864,180989529
6/18/21,0.659175,0.659175,0.598456,0.612029,0.612029,202069614
6/19/21,0.612628,0.627328,0.596582,0.601875,0.601875,154684941
6/20/21,0.600928,0.606105,0.568498,0.599055,0.599055,187929673
6/21/21,0.598464,0.601033,0.502315,0.511772,0.511772,190896208
6/22/21,0.511987,0.530909,0.434392,0.483397,0.483397,223727586
6/23/21,0.48332,0.566046,0.470845,0.563994,0.563994,165022239
6/24/21,0.550534,0.578457,0.529082,0.571276,0.571276,146904059
6/25/21,0.571806,0.590239,0.514546,0.52242,0.52242,178364512
6/26/21,0.52124,0.530174,0.490464,0.509488,0.509488,164285461
6/27/21,0.509936,0.541196,0.503226,0.540312,0.540312,138423670
6/28/21,0.540867,0.56775,0.532612,0.556589,0.556589,150231735
6/29/21,0.557034,0.617619,0.556819,0.584957,0.584957,170041181
6/30/21,0.586425,0.6136,0.565298,0.6136,0.6136,173739692
7/1/21,0.613945,0.617119,0.564474,0.582178,0.582178,153912187
7/2/21,0.581366,0.588448,0.55116,0.580294,0.580294,149972897
7/3/21,0.580448,0.596985,0.568949,0.58864,0.58864,136702661
7/4/21,0.588249,0.618921,0.571239,0.604461,0.604461,145371251
7/5/21,0.605762,0.605762,0.56202,0.569243,0.569243,179114676
7/6/21,0.569034,0.598847,0.568136,0.593109,0.593109,151034894
7/7/21,0.592868,0.647038,0.58758,0.614678,0.614678,204114676
7/8/21,0.615575,0.618063,0.563952,0.570215,0.570215,210362801
7/9/21,0.569134,0.572345,0.540826,0.569188,0.569188,168179398
7/10/21,0.569597,0.578516,0.550238,0.557351,0.557351,152148449
7/11/21,0.55733,0.565899,0.549142,0.562241,0.562241,126999772
7/12/21,0.562352,0.570729,0.543848,0.550142,0.550142,144747259
7/13/21,0.549565,0.552057,0.531304,0.536459,0.536459,150351321
7/14/21,0.536794,0.538401,0.505927,0.530672,0.530672,178732724
7/15/21,0.530705,0.536753,0.503775,0.506588,0.506588,169509026
7/16/21,0.507677,0.575726,0.498398,0.549773,0.549773,283183646
7/17/21,0.549492,0.600616,0.531933,0.534357,0.534357,322081365
7/18/21,0.534631,0.553454,0.518197,0.522821,0.522821,207564894
7/19/21,0.522388,0.522781,0.489353,0.494191,0.494191,116908392
7/20/21,0.496204,0.501675,0.458297,0.46713,0.46713,141477781
7/21/21,0.466763,0.505593,0.458624,0.500772,0.500772,138528386
7/22/21,0.502181,0.52179,0.496709,0.512516,0.512516,140522111
7/23/21,0.512787,0.529691,0.50445,0.525009,0.525009,140477928
7/24/21,0.524915,0.553355,0.521478,0.537764,0.537764,141023369
7/25/21,0.537659,0.546472,0.526267,0.541335,0.541335,125459828
7/26/21,0.541501,0.597991,0.540959,0.549755,0.549755,193085133
7/27/21,0.54984,0.576858,0.53958,0.570925,0.570925,180405114
7/28/21,0.572424,0.584054,0.553726,0.569564,0.569564,170451980
7/29/21,0.570992,0.60092,0.559161,0.594311,0.594311,151286682
7/30/21,0.594826,0.618266,0.577369,0.613559,0.613559,183591998
7/31/21,0.614743,0.657844,0.609006,0.651608,0.651608,195109802
8/1/21,0.651152,0.717064,0.651152,0.660009,0.660009,345857828
8/2/21,0.660536,0.669824,0.642426,0.655706,0.655706,192180029
8/3/21,0.655849,0.660002,0.626443,0.639753,0.639753,123500514
8/4/21,0.640731,0.678374,0.63197,0.669122,0.669122,177596881
8/5/21,0.668898,0.689545,0.649248,0.677189,0.677189,233460712
8/6/21,0.67761,0.704714,0.662737,0.694759,0.694759,213060629
8/7/21,0.694984,0.735231,0.688607,0.718839,0.718839,270874601
8/8/21,0.718964,0.727734,0.66643,0.67485,0.67485,169526671
8/9/21,0.67495,0.709019,0.650456,0.702236,0.702236,110194920
8/10/21,0.701747,0.723178,0.689558,0.720925,0.720925,123535576
8/11/21,0.721127,0.777406,0.717134,0.745377,0.745377,242918776
8/12/21,0.745089,0.772822,0.694441,0.713737,0.713737,289173419
8/13/21,0.714962,0.789802,0.710434,0.789102,0.789102,111358372
8/14/21,0.788569,0.790407,0.745731,0.779362,0.779362,132303777
8/15/21,0.779212,0.817591,0.753018,0.812044,0.812044,246579331
8/16/21,0.811883,0.825393,0.777648,0.789068,0.789068,306598949
8/17/21,0.784735,0.811934,0.738913,0.741069,0.741069,297429845
8/18/21,0.740205,0.747542,0.704016,0.719193,0.719193,280829343
8/19/21,0.717677,0.75628,0.701367,0.75628,0.75628,240400833
8/20/21,0.756197,0.785313,0.745919,0.781874,0.781874,229406315
8/21/21,0.782327,0.802202,0.767136,0.779939,0.779939,268275498
8/22/21,0.780382,0.887587,0.778291,0.866451,0.866451,464015652
8/23/21,0.869683,0.902029,0.846758,0.8949,0.8949,463706084
8/24/21,0.895306,0.899089,0.807897,0.821356,0.821356,379958761
8/25/21,0.821307,0.862501,0.796036,0.861358,0.861358,344486486
8/26/21,0.861979,0.866338,0.788179,0.79521,0.79521,335704329
8/27/21,0.79545,0.844774,0.766375,0.844611,0.844611,279724929
8/28/21,0.845142,0.846417,0.809559,0.8176,0.8176,280534638
8/29/21,0.818479,0.833634,0.800758,0.813747,0.813747,248105596
8/30/21,0.814988,0.844362,0.78609,0.793678,0.793678,305252224
8/31/21,0.794772,0.839845,0.783476,0.816101,0.816101,306532184
9/1/21,0.815675,0.864226,0.800284,0.863492,0.863492,276909470
9/2/21,0.863626,0.869551,0.842342,0.85045,0.85045,304535192
9/3/21,0.849762,0.884419,0.833921,0.879413,0.879413,309385351
9/4/21,0.878604,0.949804,0.877538,0.921946,0.921946,390701801
9/5/21,0.921119,1.001555,0.909276,0.982214,0.982214,421833579
9/6/21,0.982694,0.988709,0.925444,0.955045,0.955045,384419606
9/7/21,0.955535,0.956602,0.722475,0.780598,0.780598,505402588
9/8/21,0.77996,0.797253,0.708951,0.768574,0.768574,353878632
9/9/21,0.763602,0.839036,0.725145,0.810287,0.810287,312452508
9/10/21,0.810891,0.839218,0.748114,0.766046,0.766046,315944623
9/11/21,0.766733,0.794084,0.762584,0.778326,0.778326,263009561
9/12/21,0.778699,0.808682,0.76799,0.804486,0.804486,261822359
9/13/21,0.80481,0.808592,0.719618,0.752936,0.752936,189604054
9/14/21,0.754049,0.781834,0.74842,0.779744,0.779744,205424614
9/15/21,0.779992,0.796599,0.774057,0.792219,0.792219,190326745
9/16/21,0.79199,0.805033,0.761397,0.776026,0.776026,241788675
9/17/21,0.776301,0.780316,0.742147,0.749559,0.749559,253954753
9/18/21,0.750598,0.77236,0.742831,0.753488,0.753488,212285616
9/19/21,0.753331,0.753785,0.73016,0.738799,0.738799,215016400
9/20/21,0.738955,0.739796,0.647178,0.650867,0.650867,269788012
9/21/21,0.653033,0.674508,0.608082,0.612431,0.612431,238695297
9/22/21,0.612547,0.686187,0.603692,0.685274,0.685274,187887907
9/23/21,0.68473,0.714304,0.676275,0.702132,0.702132,188042940
9/24/21,0.70206,0.703803,0.626572,0.653883,0.653883,223227497
9/25/21,0.654229,0.658791,0.633179,0.643755,0.643755,191238513
9/26/21,0.64419,0.654437,0.605424,0.638346,0.638346,187665413
9/27/21,0.639722,0.652699,0.612062,0.612713,0.612713,193500679
9/28/21,0.61217,0.618731,0.582573,0.5837,0.5837,195709792
9/29/21,0.583719,0.607558,0.581627,0.594471,0.594471,167312831
9/30/21,0.594242,0.638478,0.592126,0.632066,0.632066,187882989
10/1/21,0.632229,0.681411,0.622284,0.679826,0.679826,176986085
10/2/21,0.679779,0.726776,0.670495,0.709204,0.709204,184426381
10/3/21,0.70903,0.737121,0.697202,0.728945,0.728945,195962943
10/4/21,0.728911,0.72922,0.691984,0.705105,0.705105,237222107
10/5/21,0.705659,0.741657,0.702693,0.740803,0.740803,194169871
10/6/21,0.741106,0.744,0.697628,0.736513,0.736513,203832251
10/7/21,0.736305,0.737245,0.716023,0.730488,0.730488,196789226
10/8/21,0.731287,0.777328,0.731287,0.747423,0.747423,292635545
10/9/21,0.7475,0.768614,0.735702,0.758646,0.758646,205231216
10/10/21,0.760422,0.760422,0.719342,0.722817,0.722817,244592907
10/11/21,0.722772,0.735727,0.695604,0.705383,0.705383,244455115
10/12/21,0.705583,0.70561,0.670575,0.695795,0.695795,276277346
10/13/21,0.695897,0.705744,0.68677,0.705585,0.705585,259419441
10/14/21,0.705219,0.722619,0.697626,0.702637,0.702637,235853886
10/15/21,0.703082,0.707209,0.679596,0.69202,0.69202,293246520
10/16/21,0.692573,0.73994,0.691579,0.716247,0.716247,270745866
10/17/21,0.71663,0.71772,0.678019,0.692095,0.692095,277509748
10/18/21,0.692192,0.694887,0.675786,0.680012,0.680012,287633298
10/19/21,0.680391,0.696933,0.675356,0.680621,0.680621,246958446
10/20/21,0.680684,0.711351,0.673799,0.709584,0.709584,210897871
10/21/21,0.709709,0.727963,0.691471,0.691543,0.691543,240370294
10/22/21,0.69227,0.715024,0.691286,0.697553,0.697553,179604336
10/23/21,0.697426,0.714812,0.692459,0.71186,0.71186,127884757
10/24/21,0.711581,0.71724,0.680242,0.689382,0.689382,152490888
10/25/21,0.689182,0.702993,0.685549,0.701724,0.701724,121327036
10/26/21,0.701984,0.737556,0.700037,0.711072,0.711072,178397437
10/27/21,0.712034,0.730765,0.639707,0.639707,0.639707,211160249
10/28/21,0.640172,0.70073,0.634995,0.693679,0.693679,153384591
10/29/21,0.694023,0.906206,0.692602,0.853367,0.853367,921349536
10/30/21,0.851755,1.446842,0.787995,1.242993,1.242993,3324165181
10/31/21,1.243711,1.436794,0.962747,0.99082,0.99082,1625942090
11/1/21,0.995098,1.087473,0.963218,1.023379,1.023379,842393094
11/2/21,1.021155,1.118989,1.010034,1.031878,1.031878,540694081
11/3/21,1.032216,1.038103,0.947666,0.968743,0.968743,377443439
11/4/21,0.968612,1.02402,0.933179,0.975429,0.975429,337289348
11/5/21,0.97678,1.03639,0.953152,0.970767,0.970767,307458926
11/6/21,0.970287,1.018048,0.956789,1.014542,1.014542,289985390
11/7/21,1.011181,1.029937,0.983037,0.998702,0.998702,176330170
11/8/21,0.999954,1.284604,0.966619,1.26959,1.26959,1110155762
11/9/21,1.278406,1.388955,1.163942,1.167353,1.167353,1555806451
11/10/21,1.169313,1.184452,1.021467,1.08331,1.08331,678737190
11/11/21,1.083875,1.157438,1.058112,1.124342,1.124342,295242397
11/12/21,1.119545,1.226066,1.103421,1.170765,1.170765,491943245
11/13/21,1.170069,1.229977,1.138035,1.145007,1.145007,388094652
11/14/21,1.14416,1.181472,1.118778,1.148731,1.148731,217657911
11/15/21,1.149179,1.227495,1.13368,1.143631,1.143631,371083024
11/16/21,1.1467,1.1467,0.971136,1.065669,1.065669,411148263
11/17/21,1.065147,1.134868,1.049215,1.066238,1.066238,285870270
11/18/21,1.067069,1.083371,0.959491,0.978571,0.978571,249040462
11/19/21,0.977617,1.140241,0.965937,1.123397,1.123397,389999481
11/20/21,1.127371,1.158401,1.063573,1.109171,1.109171,322966995
11/21/21,1.110028,1.116282,1.060414,1.074493,1.074493,193069116
11/22/21,1.074396,1.077188,1.013684,1.037173,1.037173,194075762
11/23/21,1.039698,1.065266,1.003596,1.061297,1.061297,184133723
11/24/21,1.066275,1.137877,1.025056,1.032873,1.032873,195818146
11/25/21,1.128533,1.44775,1.118721,1.187549,1.187549,414508137
11/26/21,1.419964,1.849496,1.324683,1.32886,1.32886,2924068105
11/27/21,1.336427,1.820579,1.336427,1.7663,1.7663,2501931505
11/28/21,1.769531,1.92094,1.51914,1.658365,1.658365,1884022523
11/29/21,1.664429,1.714275,1.53916,1.619491,1.619491,981949625
11/30/21,1.618137,1.619544,1.445172,1.459678,1.459678,526769250
12/1/21,1.45594,1.641015,1.448729,1.489953,1.489953,810440003
12/2/21,1.495057,1.515641,1.385096,1.4261,1.4261,550195035
12/3/21,1.428288,1.430872,1.250982,1.283326,1.283326,392951541
12/4/21,1.286967,1.286967,0.895783,1.125776,1.125776,654660943
12/5/21,1.12601,1.224878,1.05249,1.168089,1.168089,756264331
12/6/21,1.167243,1.377929,1.116089,1.368497,1.368497,1019140024
12/7/21,1.365283,1.40999,1.301647,1.332735,1.332735,654704177
12/8/21,1.327854,1.352013,1.222219,1.301106,1.301106,373550844
12/9/21,1.301261,1.314262,1.140527,1.140527,1.140527,301104341
12/10/21,1.141143,1.188269,1.067324,1.068655,1.068655,279218636
12/11/21,1.069363,1.150789,1.034672,1.147076,1.147076,252315691
12/12/21,1.147495,1.223462,1.099813,1.202671,1.202671,272166096
12/13/21,1.202527,1.203028,1.019577,1.028001,1.028001,266847690
12/14/21,1.030309,1.081344,1.003331,1.031226,1.031226,267509267
12/15/21,1.067448,1.141602,0.990144,1.11895,1.11895,289525257
12/16/21,1.119181,1.239306,1.116587,1.130736,1.130736,358918521
12/17/21,1.132583,1.192071,1.065635,1.149442,1.149442,316582700
12/18/21,1.152119,1.213425,1.108891,1.17747,1.17747,248508253
12/19/21,1.17753,1.202464,1.12041,1.134094,1.134094,200117140
12/20/21,1.135092,1.160757,1.048168,1.106973,1.106973,218466127
12/21/21,1.107272,1.181794,1.089396,1.166475,1.166475,233284815
12/22/21,1.166287,1.232421,1.150246,1.18844,1.18844,251639613
12/23/21,1.188198,1.338803,1.180692,1.338803,1.338803,372202418
12/24/21,1.342925,1.379983,1.296588,1.315116,1.315116,322064574
12/25/21,1.315326,1.393235,1.307465,1.338807,1.338807,269441132
12/26/21,1.337664,1.365464,1.289811,1.336697,1.336697,230105923
12/27/21,1.337837,1.450557,1.337837,1.379804,1.379804,362504759
12/28/21,1.381011,1.381011,1.214002,1.222286,1.222286,343444906
12/29/21,1.222176,1.246696,1.143265,1.151284,1.151284,282596027
12/30/21,1.152585,1.240443,1.113985,1.194742,1.194742,315563448
12/31/21,1.191054,1.270594,1.180981,1.208894,1.208894,291306292
1/1/22,1.208779,1.26191,1.208174,1.255256,1.255256,189926464
1/2/22,1.254994,1.332869,1.227802,1.299446,1.299446,288198900
1/3/22,1.299437,1.336679,1.261817,1.296344,1.296344,310754844
1/4/22,1.296901,1.359282,1.254967,1.285862,1.285862,352213292
1/5/22,1.285601,1.331348,1.139486,1.182508,1.182508,349518277
1/6/22,1.182348,1.192612,1.117554,1.182179,1.182179,296818732
1/7/22,1.182173,1.186301,1.046717,1.074731,1.074731,418613654
1/8/22,1.074807,1.098665,0.994475,1.023509,1.023509,239093895
1/9/22,1.023293,1.05415,1.006007,1.033903,1.033903,152652468
1/10/22,1.03385,1.042578,0.950561,0.997656,0.997656,203921633
1/11/22,0.997599,1.060857,0.991536,1.056152,1.056152,155283732
1/12/22,1.056167,1.118144,1.05181,1.115421,1.115421,163362345
1/13/22,1.115461,1.119308,1.037239,1.037239,1.037239,145817452
1/14/22,1.037458,1.068754,1.016804,1.056826,1.056826,125457335
1/15/22,1.056824,1.082196,1.043227,1.064716,1.064716,93984177
1/16/22,1.064737,1.073004,1.042585,1.05598,1.05598,95542846
1/17/22,1.056035,1.059719,1.000804,1.015485,1.015485,113941353
1/18/22,1.015414,1.027415,0.974825,1.005023,1.005023,103607458
1/19/22,1.005048,1.006126,0.952651,0.95977,0.95977,101870962
1/20/22,0.959626,1.005347,0.91039,0.91039,0.91039,93727209
1/21/22,0.910424,0.926464,0.788978,0.804666,0.804666,214844036
1/22/22,0.80603,0.82881,0.680674,0.716059,0.716059,250082885
1/23/22,0.716455,0.759142,0.710306,0.758003,0.758003,156097167
1/24/22,0.758352,0.762293,0.655752,0.750078,0.750078,198564185
1/25/22,0.750052,0.793549,0.733858,0.792724,0.792724,145302201
1/26/22,0.792766,0.875123,0.786025,0.808964,0.808964,212359570
1/27/22,0.808683,0.853264,0.772861,0.833458,0.833458,171772487
1/28/22,0.833216,0.87482,0.820264,0.86437,0.86437,156629904
1/29/22,0.8644,0.893861,0.840036,0.849469,0.849469,137900387
1/30/22,0.849904,0.863382,0.815457,0.834521,0.834521,107797027
1/31/22,0.834545,0.853555,0.800991,0.853555,0.853555,104450386
2/1/22,0.853529,0.858797,0.835616,0.845051,0.845051,76524460
2/2/22,0.844996,0.862083,0.808626,0.809607,0.809607,95067348
2/3/22,0.8092,0.828564,0.794855,0.823572,0.823572,96713427
2/4/22,0.823481,0.899395,0.820919,0.898576,0.898576,115393488
2/5/22,0.898724,0.953484,0.894256,0.925092,0.925092,124049045
2/6/22,0.925185,0.942681,0.904432,0.942364,0.942364,93291488
2/7/22,0.942369,0.98551,0.918515,0.967369,0.967369,132972516
2/8/22,0.96746,0.977174,0.886029,0.923607,0.923607,152095621
2/9/22,0.923313,0.952784,0.901617,0.942452,0.942452,94765101
2/10/22,0.942348,0.948107,0.884133,0.885143,0.885143,136177117
2/11/22,0.885139,0.891867,0.818279,0.825876,0.825876,127248910
2/12/22,0.825848,0.832396,0.787719,0.809026,0.809026,105892983
2/13/22,0.809024,0.826527,0.782142,0.808216,0.808216,77770440
2/14/22,0.807386,0.813884,0.777816,0.805942,0.805942,84399078
2/15/22,0.805909,0.860238,0.805909,0.859003,0.859003,71443946
2/16/22,0.859077,0.861169,0.816655,0.837895,0.837895,81125523
2/17/22,0.837359,0.845212,0.757498,0.762184,0.762184,106265148
2/18/22,0.762182,0.787984,0.746427,0.753724,0.753724,96418627
2/19/22,0.753602,0.767824,0.734289,0.760001,0.760001,76519992
2/20/22,0.759932,0.760007,0.695572,0.705425,0.705425,92763848
2/21/22,0.705328,0.738507,0.646079,0.647372,0.647372,133014755
2/22/22,0.647325,0.684408,0.633562,0.683112,0.683112,122260032
2/23/22,0.683065,0.709371,0.657222,0.657542,0.657542,85734148
2/24/22,0.657187,0.660342,0.570962,0.659616,0.659616,170542661
2/25/22,0.659651,0.708517,0.654593,0.702441,0.702441,128956001
2/26/22,0.702455,0.722468,0.695847,0.701542,0.701542,81021248
2/27/22,0.701502,0.710363,0.656543,0.668218,0.668218,97233204
2/28/22,0.667944,0.739218,0.660004,0.739218,0.739218,101907264